event_id,user_id,timestamp,event_type,resource_id,sensitive_resource_flag,records_accessed,device_id,new_device_flag,permission_change_flag,new_permission_level,beneficiary_id,new_beneficiary_flag,transaction_amount,exceeds_limit_flag,session_duration_minutes
E0001,U023,2026-03-02T06:10:00,login,,0,0,DEV-008,0,0,,,0,0.0,0,0.0
E0002,U023,2026-03-02T06:19:00,file_access,RES-020,0,6,DEV-008,0,0,,,0,0.0,0,0.0
E0003,U016,2026-03-02T06:36:00,login,,0,0,DEV-004,0,0,,,0,0.0,0,0.0
E0004,U023,2026-03-02T06:48:00,logout,,0,0,DEV-008,0,0,,,0,0.0,0,38.0
E0005,U016,2026-03-02T06:59:00,file_access,RES-021,0,8,DEV-004,0,0,,,0,0.0,0,0.0
E0006,U010,2026-03-02T07:10:00,login,,0,0,DEV-006,0,0,,,0,0.0,0,0.0
E0007,U016,2026-03-02T07:15:00,transaction,,0,0,DEV-004,0,0,,BEN-001,0,322.33,0,0.0
E0008,U016,2026-03-02T07:41:00,logout,,0,0,DEV-004,0,0,,,0,0.0,0,65.0
E0009,U007,2026-03-02T07:42:00,login,,0,0,DEV-007,0,0,,,0,0.0,0,0.0
E0010,U022,2026-03-02T07:48:00,login,,0,0,DEV-001,0,0,,,0,0.0,0,0.0
E0011,U007,2026-03-02T07:59:00,file_access,RES-018,0,6,DEV-007,0,0,,,0,0.0,0,0.0
E0012,U017,2026-03-02T08:00:00,login,,0,0,DEV-015,0,0,,,0,0.0,0,0.0
E0013,U010,2026-03-02T08:02:00,file_access,RES-021,0,8,DEV-006,0,0,,,0,0.0,0,0.0
E0014,U007,2026-03-02T08:08:00,transaction,,0,0,DEV-007,0,0,,BEN-011,0,1397.73,0,0.0
E0015,U001,2026-03-02T08:13:00,login,,0,0,DEV-018,0,0,,,0,0.0,0,0.0
E0016,U006,2026-03-02T08:13:00,login,,0,0,DEV-013,0,0,,,0,0.0,0,0.0
E0017,U010,2026-03-02T08:22:00,transaction,,0,0,DEV-006,0,0,,BEN-013,0,565.68,0,0.0
E0018,U022,2026-03-02T08:24:00,file_access,RES-023,0,1,DEV-001,0,0,,,0,0.0,0,0.0
E0019,U002,2026-03-02T08:25:00,login,,0,0,DEV-001,0,0,,,0,0.0,0,0.0
E0020,U017,2026-03-02T08:31:00,file_access,RES-020,0,12,DEV-015,0,0,,,0,0.0,0,0.0
E0021,U013,2026-03-02T08:38:00,login,,0,0,DEV-007,0,0,,,0,0.0,0,0.0
E0022,U005,2026-03-02T08:43:00,login,,0,0,DEV-012,0,0,,,0,0.0,0,0.0
E0023,U022,2026-03-02T08:49:00,logout,,0,0,DEV-001,0,0,,,0,0.0,0,61.0
E0024,U003,2026-03-02T08:50:00,login,,0,0,DEV-009,0,0,,,0,0.0,0,0.0
E0025,U007,2026-03-02T08:50:00,logout,,0,0,DEV-007,0,0,,,0,0.0,0,68.0
E0026,U001,2026-03-02T08:52:00,file_access,RES-012,0,12,DEV-018,0,0,,,0,0.0,0,0.0
E0027,U017,2026-03-02T08:59:00,logout,,0,0,DEV-015,0,0,,,0,0.0,0,59.0
E0028,U006,2026-03-02T09:01:00,file_access,RES-013,0,11,DEV-013,0,0,,,0,0.0,0,0.0
E0029,U004,2026-03-02T09:04:00,login,,0,0,DEV-005,0,0,,,0,0.0,0,0.0
E0030,U010,2026-03-02T09:05:00,logout,,0,0,DEV-006,0,0,,,0,0.0,0,115.0
E0031,U004,2026-03-02T09:09:00,file_access,RES-020,0,10,DEV-005,0,0,,,0,0.0,0,0.0
E0032,U002,2026-03-02T09:16:00,file_access,RES-016,0,13,DEV-001,0,0,,,0,0.0,0,0.0
E0033,U014,2026-03-02T09:17:00,login,,0,0,DEV-008,0,0,,,0,0.0,0,0.0
E0034,U008,2026-03-02T09:19:00,login,,0,0,DEV-008,0,0,,,0,0.0,0,0.0
E0035,U009,2026-03-02T09:19:00,login,,0,0,DEV-012,0,0,,,0,0.0,0,0.0
E0036,U012,2026-03-02T09:22:00,login,,0,0,DEV-011,0,0,,,0,0.0,0,0.0
E0037,U015,2026-03-02T09:22:00,login,,0,0,DEV-012,0,0,,,0,0.0,0,0.0
E0038,U004,2026-03-02T09:25:00,logout,,0,0,DEV-005,0,0,,,0,0.0,0,21.0
E0039,U005,2026-03-02T09:28:00,file_access,RES-014,0,9,DEV-012,0,0,,,0,0.0,0,0.0
E0040,U003,2026-03-02T09:30:00,file_access,RES-021,0,3,DEV-009,0,0,,,0,0.0,0,0.0
E0041,U002,2026-03-02T09:33:00,logout,,0,0,DEV-001,0,0,,,0,0.0,0,68.0
E0042,U013,2026-03-02T09:34:00,file_access,RES-009,0,13,DEV-007,0,0,,,0,0.0,0,0.0
E0043,U009,2026-03-02T09:38:00,file_access,RES-012,0,3,DEV-012,0,0,,,0,0.0,0,0.0
E0044,U001,2026-03-02T09:39:00,transaction,,0,0,DEV-018,0,0,,BEN-011,0,138.99,0,0.0
E0045,U012,2026-03-02T09:41:00,file_access,RES-008,0,13,DEV-011,0,0,,,0,0.0,0,0.0
E0046,U011,2026-03-02T09:47:00,login,,0,0,DEV-018,0,0,,,0,0.0,0,0.0
E0047,U003,2026-03-02T09:48:00,transaction,,0,0,DEV-009,0,0,,BEN-001,0,559.03,0,0.0
E0048,U014,2026-03-02T09:50:00,file_access,RES-013,0,13,DEV-008,0,0,,,0,0.0,0,0.0
E0049,U012,2026-03-02T09:53:00,logout,,0,0,DEV-011,0,0,,,0,0.0,0,31.0
E0050,U015,2026-03-02T09:54:00,file_access,RES-023,0,6,DEV-012,0,0,,,0,0.0,0,0.0
E0051,U006,2026-03-02T09:55:00,transaction,,0,0,DEV-013,0,0,,BEN-010,0,170.32,0,0.0
E0052,U008,2026-03-02T09:56:00,file_access,RES-015,0,11,DEV-008,0,0,,,0,0.0,0,0.0
E0053,U009,2026-03-02T09:58:00,transaction,,0,0,DEV-012,0,0,,BEN-013,0,417.96,0,0.0
E0054,U020,2026-03-02T10:07:00,login,,0,0,DEV-004,0,0,,,0,0.0,0,0.0
E0055,U001,2026-03-02T10:12:00,logout,,0,0,DEV-018,0,0,,,0,0.0,0,119.0
E0056,U009,2026-03-02T10:12:00,logout,,0,0,DEV-012,0,0,,,0,0.0,0,53.0
E0057,U008,2026-03-02T10:26:00,transaction,,0,0,DEV-008,0,0,,BEN-004,0,778.14,0,0.0
E0058,U011,2026-03-02T10:26:00,file_access,RES-013,0,8,DEV-018,0,0,,,0,0.0,0,0.0
E0059,U005,2026-03-02T10:27:00,transaction,,0,0,DEV-012,0,0,,BEN-001,0,278.91,0,0.0
E0060,U015,2026-03-02T10:28:00,transaction,,0,0,DEV-012,0,0,,BEN-005,0,792.93,0,0.0
E0061,U013,2026-03-02T10:34:00,logout,,0,0,DEV-007,0,0,,,0,0.0,0,116.0
E0062,U014,2026-03-02T10:34:00,transaction,,0,0,DEV-008,0,0,,BEN-008,0,370.74,0,0.0
E0063,U003,2026-03-02T10:35:00,logout,,0,0,DEV-009,0,0,,,0,0.0,0,105.0
E0064,U005,2026-03-02T10:39:00,logout,,0,0,DEV-012,0,0,,,0,0.0,0,116.0
E0065,U019,2026-03-02T10:44:00,login,,0,0,DEV-001,0,0,,,0,0.0,0,0.0
E0066,U008,2026-03-02T10:49:00,logout,,0,0,DEV-008,0,0,,,0,0.0,0,90.0
E0067,U006,2026-03-02T10:52:00,logout,,0,0,DEV-013,0,0,,,0,0.0,0,159.0
E0068,U020,2026-03-02T10:53:00,file_access,RES-010,0,8,DEV-004,0,0,,,0,0.0,0,0.0
E0069,U021,2026-03-02T10:55:00,login,,0,0,DEV-006,0,0,,,0,0.0,0,0.0
E0070,U015,2026-03-02T10:57:00,logout,,0,0,DEV-012,0,0,,,0,0.0,0,95.0
E0071,U011,2026-03-02T10:58:00,transaction,,0,0,DEV-018,0,0,,BEN-011,0,338.52,0,0.0
E0072,U020,2026-03-02T11:12:00,logout,,0,0,DEV-004,0,0,,,0,0.0,0,65.0
E0073,U021,2026-03-02T11:12:00,file_access,RES-013,0,10,DEV-006,0,0,,,0,0.0,0,0.0
E0074,U019,2026-03-02T11:20:00,file_access,RES-015,0,11,DEV-001,0,0,,,0,0.0,0,0.0
E0075,U018,2026-03-02T11:29:00,login,,0,0,DEV-018,0,0,,,0,0.0,0,0.0
E0076,U019,2026-03-02T11:32:00,logout,,0,0,DEV-001,0,0,,,0,0.0,0,48.0
E0077,U011,2026-03-02T11:33:00,logout,,0,0,DEV-018,0,0,,,0,0.0,0,106.0
E0078,U014,2026-03-02T11:38:00,logout,,0,0,DEV-008,0,0,,,0,0.0,0,141.0
E0079,U021,2026-03-02T12:11:00,transaction,,0,0,DEV-006,0,0,,BEN-012,0,285.0,0,0.0
E0080,U018,2026-03-02T12:18:00,file_access,RES-015,0,12,DEV-018,0,0,,,0,0.0,0,0.0
E0081,U018,2026-03-02T12:40:00,transaction,,0,0,DEV-018,0,0,,BEN-002,0,0,0,0.0
E0082,U021,2026-03-02T12:51:00,logout,,0,0,DEV-006,0,0,,,0,0.0,0,116.0
E0083,U018,2026-03-02T13:28:00,logout,,0,0,DEV-018,0,0,,,0,0.0,0,119.0
E0084,U024,2026-03-02T14:53:00,login,,0,0,DEV-003,0,0,,,0,0.0,0,0.0
E0085,U025,2026-03-02T14:55:00,login,,0,0,DEV-018,0,0,,,0,0.0,0,0.0
E0086,U024,2026-03-02T15:16:00,file_access,RES-013,0,10,DEV-003,0,0,,,0,0.0,0,0.0
E0087,U025,2026-03-02T15:21:00,file_access,RES-009,0,8,DEV-018,0,0,,,0,0.0,0,0.0
E0088,U024,2026-03-02T15:40:00,logout,,0,0,DEV-003,0,0,,,0,0.0,0,47.0
E0089,U025,2026-03-02T15:40:00,logout,,0,0,DEV-018,0,0,,,0,0.0,0,45.0
E0090,U016,2026-03-03T06:25:00,login,,0,0,DEV-004,0,0,,,0,0.0,0,0.0
E0091,U016,2026-03-03T07:01:00,file_access,RES-008,0,10,DEV-004,0,0,,,0,0.0,0,0.0
E0092,U016,2026-03-03T07:14:00,logout,,0,0,DEV-004,0,0,,,0,0.0,0,49.0
E0093,U023,2026-03-03T07:54:00,login,,0,0,DEV-008,0,0,,,0,0.0,0,0.0
E0094,U010,2026-03-03T08:15:00,login,,0,0,DEV-006,0,0,,,0,0.0,0,0.0
E0095,U023,2026-03-03T08:18:00,file_access,RES-012,0,7,DEV-008,0,0,,,0,0.0,0,0.0
E0096,U005,2026-03-03T08:21:00,login,,0,0,DEV-012,0,0,,,0,0.0,0,0.0
E0097,U002,2026-03-03T08:34:00,login,,0,0,DEV-001,0,0,,,0,0.0,0,0.0
E0098,U023,2026-03-03T08:34:00,logout,,0,0,DEV-008,0,0,,,0,0.0,0,40.0
E0099,U010,2026-03-03T08:37:00,file_access,RES-020,0,2,DEV-006,0,0,,,0,0.0,0,0.0
E0100,U007,2026-03-03T08:53:00,login,,0,0,DEV-007,0,0,,,0,0.0,0,0.0
E0101,U006,2026-03-03T08:59:00,login,,0,0,DEV-013,0,0,,,0,0.0,0,0.0
E0102,U012,2026-03-03T09:01:00,login,,0,0,DEV-011,0,0,,,0,0.0,0,0.0
E0103,U010,2026-03-03T09:02:00,logout,,0,0,DEV-006,0,0,,,0,0.0,0,47.0
E0104,U002,2026-03-03T09:07:00,file_access,RES-010,0,7,DEV-001,0,0,,,0,0.0,0,0.0
E0105,U001,2026-03-03T09:14:00,login,,0,0,DEV-018,0,0,,,0,0.0,0,0.0
E0106,U005,2026-03-03T09:15:00,file_access,RES-010,0,11,DEV-012,0,0,,,0,0.0,0,0.0
E0107,U006,2026-03-03T09:19:00,file_access,RES-011,0,13,DEV-013,0,0,,,0,0.0,0,0.0
E0108,U019,2026-03-03T09:20:00,login,,0,0,DEV-001,0,0,,,0,0.0,0,0.0
E0109,U001,2026-03-03T09:23:00,file_access,RES-016,0,1,DEV-018,0,0,,,0,0.0,0,0.0
E0110,U008,2026-03-03T09:24:00,login,,0,0,DEV-008,0,0,,,0,0.0,0,0.0
E0111,U005,2026-03-03T09:30:00,logout,,0,0,DEV-012,0,0,,,0,0.0,0,69.0
E0112,U014,2026-03-03T09:31:00,login,,0,0,DEV-008,0,0,,,0,0.0,0,0.0
E0113,U007,2026-03-03T09:32:00,file_access,RES-016,0,1,DEV-007,0,0,,,0,0.0,0,0.0
E0114,U002,2026-03-03T09:41:00,transaction,,0,0,DEV-001,0,0,,BEN-008,0,242.36,0,0.0
E0115,U019,2026-03-03T09:41:00,file_access,RES-016,0,2,DEV-001,0,0,,,0,0.0,0,0.0
E0116,U012,2026-03-03T09:45:00,file_access,RES-010,0,4,DEV-011,0,0,,,0,0.0,0,0.0
E0117,U001,2026-03-03T09:47:00,logout,,0,0,DEV-018,0,0,,,0,0.0,0,33.0
E0118,U014,2026-03-03T09:49:00,file_access,RES-017,0,13,DEV-008,0,0,,,0,0.0,0,0.0
E0119,U021,2026-03-03T09:51:00,login,,0,0,DEV-006,0,0,,,0,0.0,0,0.0
E0120,U007,2026-03-03T09:53:00,transaction,,0,0,DEV-007,0,0,,BEN-005,0,1421.25,0,0.0
E0121,U011,2026-03-03T09:53:00,login,,0,0,DEV-018,0,0,,,0,0.0,0,0.0
E0122,U006,2026-03-03T09:55:00,logout,,0,0,DEV-013,0,0,,,0,0.0,0,56.0
E0123,U003,2026-03-03T10:03:00,login,,0,0,DEV-009,0,0,,,0,0.0,0,0.0
E0124,U007,2026-03-03T10:05:00,logout,,0,0,DEV-007,0,0,,,0,0.0,0,72.0
E0125,U015,2026-03-03T10:07:00,login,,0,0,DEV-012,0,0,,,0,0.0,0,0.0
E0126,U002,2026-03-03T10:08:00,logout,,0,0,DEV-001,0,0,,,0,0.0,0,94.0
E0127,U014,2026-03-03T10:11:00,transaction,,0,0,DEV-008,0,0,,BEN-005,0,468.39,0,0.0
E0128,U008,2026-03-03T10:12:00,file_access,RES-011,0,10,DEV-008,0,0,,,0,0.0,0,0.0
E0129,U019,2026-03-03T10:16:00,logout,,0,0,DEV-001,0,0,,,0,0.0,0,56.0
E0130,U021,2026-03-03T10:20:00,file_access,RES-018,0,11,DEV-006,0,0,,,0,0.0,0,0.0
E0131,U011,2026-03-03T10:27:00,file_access,RES-010,0,10,DEV-018,0,0,,,0,0.0,0,0.0
E0132,U020,2026-03-03T10:30:00,login,,0,0,DEV-004,0,0,,,0,0.0,0,0.0
E0133,U012,2026-03-03T10:32:00,transaction,,0,0,DEV-011,0,0,,BEN-002,0,207.55,0,0.0
E0134,U008,2026-03-03T10:34:00,logout,,0,0,DEV-008,0,0,,,0,0.0,0,70.0
E0135,U003,2026-03-03T10:45:00,file_access,RES-021,0,9,DEV-009,0,0,,,0,0.0,0,0.0
E0136,U020,2026-03-03T10:50:00,file_access,RES-020,0,9,DEV-004,0,0,,,0,0.0,0,0.0
E0137,U009,2026-03-03T10:56:00,login,,0,0,DEV-012,0,0,,,0,0.0,0,0.0
E0138,U014,2026-03-03T10:56:00,logout,,0,0,DEV-008,0,0,,,0,0.0,0,85.0
E0139,U015,2026-03-03T10:59:00,file_access,RES-023,0,13,DEV-012,0,0,,,0,0.0,0,0.0
E0140,U011,2026-03-03T11:02:00,logout,,0,0,DEV-018,0,0,,,0,0.0,0,69.0
E0141,U020,2026-03-03T11:07:00,transaction,,0,0,DEV-004,0,0,,BEN-010,0,1397.95,0,0.0
E0142,U021,2026-03-03T11:11:00,logout,,0,0,DEV-006,0,0,,,0,0.0,0,80.0
E0143,U012,2026-03-03T11:18:00,logout,,0,0,DEV-011,0,0,,,0,0.0,0,137.0
E0144,U015,2026-03-03T11:21:00,logout,,0,0,DEV-012,0,0,,,0,0.0,0,74.0
E0145,U003,2026-03-03T11:28:00,logout,,0,0,DEV-009,0,0,,,0,0.0,0,85.0
E0146,U020,2026-03-03T11:33:00,logout,,0,0,DEV-004,0,0,,,0,0.0,0,63.0
E0147,U009,2026-03-03T11:41:00,file_access,RES-024,0,4,DEV-012,0,0,,,0,0.0,0,0.0
E0148,U009,2026-03-03T12:15:00,logout,,0,0,DEV-012,0,0,,,0,0.0,0,79.0
E0149,U022,2026-03-03T12:47:00,login,,0,0,DEV-001,0,0,,,0,0.0,0,0.0
E0150,U022,2026-03-03T12:57:00,file_access,RES-019,0,2,DEV-001,0,0,,,0,0.0,0,0.0
E0151,U022,2026-03-03T13:13:00,logout,,0,0,DEV-001,0,0,,,0,0.0,0,26.0
E0152,U024,2026-03-03T13:43:00,login,,0,0,DEV-003,0,0,,,0,0.0,0,0.0
E0153,U025,2026-03-03T13:48:00,login,,0,0,DEV-018,0,0,,,0,0.0,0,0.0
E0154,U025,2026-03-03T14:07:00,file_access,RES-018,0,14,DEV-018,0,0,,,0,0.0,0,0.0
E0155,U024,2026-03-03T14:36:00,file_access,RES-010,0,11,DEV-003,0,0,,,0,0.0,0,0.0
E0156,U025,2026-03-03T14:40:00,logout,,0,0,DEV-018,0,0,,,0,0.0,0,52.0
E0157,U024,2026-03-03T15:21:00,transaction,,0,0,DEV-003,0,0,,BEN-011,0,212.48,0,0.0
E0158,U024,2026-03-03T15:33:00,logout,,0,0,DEV-003,0,0,,,0,0.0,0,110.0
E0159,U022,2026-03-04T07:44:00,login,,0,0,DEV-001,0,0,,,0,0.0,0,0.0
E0160,U010,2026-03-04T08:08:00,login,,0,0,DEV-006,0,0,,,0,0.0,0,0.0
E0161,U022,2026-03-04T08:08:00,file_access,RES-006,0,1,DEV-001,0,0,,,0,0.0,0,0.0
E0162,U022,2026-03-04T08:16:00,transaction,,0,0,DEV-001,0,0,,BEN-003,0,82.4,0,0.0
E0163,U017,2026-03-04T08:18:00,login,,0,0,DEV-015,0,0,,,0,0.0,0,0.0
E0164,U010,2026-03-04T08:22:00,file_access,RES-013,0,7,DEV-006,0,0,,,0,0.0,0,0.0
E0165,U012,2026-03-04T08:23:00,login,,0,0,DEV-011,0,0,,,0,0.0,0,0.0
E0166,U005,2026-03-04T08:35:00,login,,0,0,DEV-012,0,0,,,0,0.0,0,0.0
E0167,U023,2026-03-04T08:36:00,login,,0,0,DEV-008,0,0,,,0,0.0,0,0.0
E0168,U012,2026-03-04T08:38:00,file_access,RES-009,0,13,DEV-011,0,0,,,0,0.0,0,0.0
E0169,U013,2026-03-04T08:41:00,login,,0,0,DEV-007,0,0,,,0,0.0,0,0.0
E0170,U022,2026-03-04T08:41:00,logout,,0,0,DEV-001,0,0,,,0,0.0,0,57.0
E0171,U016,2026-03-04T08:51:00,login,,0,0,DEV-004,0,0,,,0,0.0,0,0.0
E0172,U001,2026-03-04T09:00:00,login,,0,0,DEV-018,0,0,,,0,0.0,0,0.0
E0173,U023,2026-03-04T09:03:00,file_access,RES-024,0,5,DEV-008,0,0,,,0,0.0,0,0.0
E0174,U012,2026-03-04T09:07:00,logout,,0,0,DEV-011,0,0,,,0,0.0,0,44.0
E0175,U013,2026-03-04T09:07:00,file_access,RES-006,0,14,DEV-007,0,0,,,0,0.0,0,0.0
E0176,U017,2026-03-04T09:07:00,file_access,RES-020,0,2,DEV-015,0,0,,,0,0.0,0,0.0
E0177,U001,2026-03-04T09:09:00,file_access,RES-007,0,4,DEV-018,0,0,,,0,0.0,0,0.0
E0178,U001,2026-03-04T09:16:00,transaction,,0,0,DEV-018,0,0,,BEN-004,0,195.81,0,0.0
E0179,U010,2026-03-04T09:17:00,logout,,0,0,DEV-006,0,0,,,0,0.0,0,69.0
E0180,U018,2026-03-04T09:20:00,login,,0,0,DEV-018,0,0,,,0,0.0,0,0.0
E0181,U005,2026-03-04T09:25:00,file_access,RES-019,0,9,DEV-012,0,0,,,0,0.0,0,0.0
E0182,U007,2026-03-04T09:27:00,login,,0,0,DEV-007,0,0,,,0,0.0,0,0.0
E0183,U011,2026-03-04T09:27:00,login,,0,0,DEV-018,0,0,,,0,0.0,0,0.0
E0184,U023,2026-03-04T09:31:00,logout,,0,0,DEV-008,0,0,,,0,0.0,0,55.0
E0185,U003,2026-03-04T09:32:00,login,,0,0,DEV-009,0,0,,,0,0.0,0,0.0
E0186,U016,2026-03-04T09:32:00,file_access,RES-015,0,2,DEV-004,0,0,,,0,0.0,0,0.0
E0187,U021,2026-03-04T09:32:00,login,,0,0,DEV-006,0,0,,,0,0.0,0,0.0
E0188,U017,2026-03-04T09:33:00,logout,,0,0,DEV-015,0,0,,,0,0.0,0,75.0
E0189,U005,2026-03-04T09:34:00,transaction,,0,0,DEV-012,0,0,,BEN-003,0,319.37,0,0.0
E0190,U011,2026-03-04T09:40:00,file_access,RES-020,0,3,DEV-018,0,0,,,0,0.0,0,0.0
E0191,U003,2026-03-04T09:42:00,file_access,RES-011,0,2,DEV-009,0,0,,,0,0.0,0,0.0
E0192,U001,2026-03-04T09:43:00,logout,,0,0,DEV-018,0,0,,,0,0.0,0,43.0
E0193,U013,2026-03-04T09:43:00,transaction,,0,0,DEV-007,0,0,,BEN-002,0,232.86,0,0.0
E0194,U016,2026-03-04T09:49:00,logout,,0,0,DEV-004,0,0,,,0,0.0,0,58.0
E0195,U007,2026-03-04T09:54:00,file_access,RES-016,0,7,DEV-007,0,0,,,0,0.0,0,0.0
E0196,U019,2026-03-04T09:55:00,login,,0,0,DEV-001,0,0,,,0,0.0,0,0.0
E0197,U009,2026-03-04T10:00:00,login,,0,0,DEV-012,0,0,,,0,0.0,0,0.0
E0198,U005,2026-03-04T10:01:00,logout,,0,0,DEV-012,0,0,,,0,0.0,0,86.0
E0199,U018,2026-03-04T10:03:00,file_access,RES-014,0,1,DEV-018,0,0,,,0,0.0,0,0.0
E0200,U011,2026-03-04T10:09:00,transaction,,0,0,DEV-018,0,0,,BEN-006,0,427.47,0,0.0
E0201,U021,2026-03-04T10:14:00,file_access,RES-016,0,14,DEV-006,0,0,,,0,0.0,0,0.0
E0202,U004,2026-03-04T10:16:00,login,,0,0,DEV-005,0,0,,,0,0.0,0,0.0
E0203,U013,2026-03-04T10:20:00,logout,,0,0,DEV-007,0,0,,,0,0.0,0,99.0
E0204,U008,2026-03-04T10:27:00,login,,0,0,DEV-008,0,0,,,0,0.0,0,0.0
E0205,U004,2026-03-04T10:29:00,file_access,RES-017,0,15,DEV-005,0,0,,,0,0.0,0,0.0
E0206,U015,2026-03-04T10:30:00,login,,0,0,DEV-012,0,0,,,0,0.0,0,0.0
E0207,U011,2026-03-04T10:32:00,logout,,0,0,DEV-018,0,0,,,0,0.0,0,65.0
E0208,U019,2026-03-04T10:34:00,file_access,RES-020,0,7,DEV-001,0,0,,,0,0.0,0,0.0
E0209,U003,2026-03-04T10:35:00,logout,,0,0,DEV-009,0,0,,,0,0.0,0,63.0
E0210,U007,2026-03-04T10:36:00,logout,,0,0,DEV-007,0,0,,,0,0.0,0,69.0
E0211,U004,2026-03-04T10:49:00,transaction,,0,0,DEV-005,0,0,,BEN-014,0,1747.21,0,0.0
E0212,U020,2026-03-04T10:49:00,login,,0,0,DEV-004,0,0,,,0,0.0,0,0.0
E0213,U018,2026-03-04T10:51:00,transaction,,0,0,DEV-018,0,0,,BEN-001,0,185.84,0,0.0
E0214,U015,2026-03-04T10:52:00,file_access,RES-024,0,13,DEV-012,0,0,,,0,0.0,0,0.0
E0215,U009,2026-03-04T10:53:00,file_access,RES-009,0,13,DEV-012,0,0,,,0,0.0,0,0.0
E0216,U009,2026-03-04T11:09:00,transaction,,0,0,DEV-012,0,0,,BEN-013,0,422.53,0,0.0
E0217,U019,2026-03-04T11:12:00,transaction,,0,0,DEV-001,0,0,,BEN-006,0,508.81,0,0.0
E0218,U021,2026-03-04T11:13:00,transaction,,0,0,DEV-006,0,0,,BEN-008,0,283.08,0,0.0
E0219,U015,2026-03-04T11:20:00,logout,,0,0,DEV-012,0,0,,,0,0.0,0,50.0
E0220,U008,2026-03-04T11:22:00,file_access,RES-024,0,10,DEV-008,0,0,,,0,0.0,0,0.0
E0221,U021,2026-03-04T11:29:00,logout,,0,0,DEV-006,0,0,,,0,0.0,0,117.0
E0222,U004,2026-03-04T11:33:00,logout,,0,0,DEV-005,0,0,,,0,0.0,0,77.0
E0223,U020,2026-03-04T11:44:00,file_access,RES-019,0,6,DEV-004,0,0,,,0,0.0,0,0.0
E0224,U008,2026-03-04T11:46:00,logout,,0,0,DEV-008,0,0,,,0,0.0,0,79.0
E0225,U018,2026-03-04T11:49:00,logout,,0,0,DEV-018,0,0,,,0,0.0,0,149.0
E0226,U009,2026-03-04T11:52:00,logout,,0,0,DEV-012,0,0,,,0,0.0,0,112.0
E0227,U019,2026-03-04T11:53:00,logout,,0,0,DEV-001,0,0,,,0,0.0,0,118.0
E0228,U020,2026-03-04T12:10:00,logout,,0,0,DEV-004,0,0,,,0,0.0,0,81.0
E0229,U024,2026-03-04T13:37:00,login,,0,0,DEV-003,0,0,,,0,0.0,0,0.0
E0230,U024,2026-03-04T14:05:00,file_access,RES-010,0,2,DEV-003,0,0,,,0,0.0,0,0.0
E0231,U025,2026-03-04T14:16:00,login,,0,0,DEV-018,0,0,,,0,0.0,0,0.0
E0232,U024,2026-03-04T14:35:00,logout,,0,0,DEV-003,0,0,,,0,0.0,0,58.0
E0233,U025,2026-03-04T14:55:00,file_access,RES-009,0,8,DEV-018,0,0,,,0,0.0,0,0.0
E0234,U025,2026-03-04T15:47:00,transaction,,0,0,DEV-018,0,0,,BEN-011,0,185.38,0,0.0
E0235,U025,2026-03-04T16:13:00,logout,,0,0,DEV-018,0,0,,,0,0.0,0,117.0
E0236,U018,2026-03-05T07:17:00,login,,0,0,DEV-018,0,0,,,0,0.0,0,0.0
E0237,U003,2026-03-05T07:36:00,login,,0,0,DEV-009,0,0,,,0,0.0,0,0.0
E0238,U016,2026-03-05T07:39:00,login,,0,0,DEV-004,0,0,,,0,0.0,0,0.0
E0239,U003,2026-03-05T07:56:00,file_access,RES-024,0,10,DEV-009,0,0,,,0,0.0,0,0.0
E0240,U016,2026-03-05T07:58:00,file_access,RES-022,0,7,DEV-004,0,0,,,0,0.0,0,0.0
E0241,U018,2026-03-05T07:58:00,file_access,RES-007,0,13,DEV-018,0,0,,,0,0.0,0,0.0
E0242,U017,2026-03-05T07:59:00,login,,0,0,DEV-015,0,0,,,0,0.0,0,0.0
E0243,U012,2026-03-05T08:01:00,login,,0,0,DEV-011,0,0,,,0,0.0,0,0.0
E0244,U007,2026-03-05T08:02:00,login,,0,0,DEV-007,0,0,,,0,0.0,0,0.0
E0245,U014,2026-03-05T08:05:00,login,,0,0,DEV-008,0,0,,,0,0.0,0,0.0
E0246,U003,2026-03-05T08:06:00,transaction,,0,0,DEV-009,0,0,,BEN-007,0,801.0,0,0.0
E0247,U009,2026-03-05T08:07:00,login,,0,0,DEV-012,0,0,,,0,0.0,0,0.0
E0248,U017,2026-03-05T08:16:00,file_access,RES-019,0,2,DEV-015,0,0,,,0,0.0,0,0.0
E0249,U011,2026-03-05T08:17:00,login,,0,0,DEV-018,0,0,,,0,0.0,0,0.0
E0250,U012,2026-03-05T08:25:00,file_access,RES-024,0,11,DEV-011,0,0,,,0,0.0,0,0.0
E0251,U014,2026-03-05T08:25:00,file_access,RES-019,0,8,DEV-008,0,0,,,0,0.0,0,0.0
E0252,U016,2026-03-05T08:31:00,transaction,,0,0,DEV-004,0,0,,BEN-005,0,342.32,0,0.0
E0253,U018,2026-03-05T08:38:00,logout,,0,0,DEV-018,0,0,,,0,0.0,0,81.0
E0254,U009,2026-03-05T08:41:00,file_access,RES-010,0,13,DEV-012,0,0,,,0,0.0,0,0.0
E0255,U013,2026-03-05T08:45:00,login,,0,0,DEV-007,0,0,,,0,0.0,0,0.0
E0256,U014,2026-03-05T08:50:00,logout,,0,0,DEV-008,0,0,,,0,0.0,0,45.0
E0257,U006,2026-03-05T08:51:00,login,,0,0,DEV-013,0,0,,,0,0.0,0,0.0
E0258,U007,2026-03-05T08:52:00,file_access,RES-019,0,1,DEV-007,0,0,,,0,0.0,0,0.0
E0259,U003,2026-03-05T08:58:00,logout,,0,0,DEV-009,0,0,,,0,0.0,0,82.0
E0260,U012,2026-03-05T08:59:00,logout,,0,0,DEV-011,0,0,,,0,0.0,0,58.0
E0261,U013,2026-03-05T08:59:00,file_access,RES-019,0,3,DEV-007,0,0,,,0,0.0,0,0.0
E0262,U017,2026-03-05T09:07:00,logout,,0,0,DEV-015,0,0,,,0,0.0,0,68.0
E0263,U011,2026-03-05T09:10:00,file_access,RES-019,0,5,DEV-018,0,0,,,0,0.0,0,0.0
E0264,U001,2026-03-05T09:13:00,login,,0,0,DEV-018,0,0,,,0,0.0,0,0.0
E0265,U016,2026-03-05T09:18:00,logout,,0,0,DEV-004,0,0,,,0,0.0,0,99.0
E0266,U009,2026-03-05T09:19:00,transaction,,0,0,DEV-012,0,0,,BEN-009,0,311.2,0,0.0
E0267,U010,2026-03-05T09:26:00,login,,0,0,DEV-006,0,0,,,0,0.0,0,0.0
E0268,U021,2026-03-05T09:26:00,login,,0,0,DEV-006,0,0,,,0,0.0,0,0.0
E0269,U019,2026-03-05T09:35:00,login,,0,0,DEV-001,0,0,,,0,0.0,0,0.0
E0270,U007,2026-03-05T09:36:00,logout,,0,0,DEV-007,0,0,,,0,0.0,0,94.0
E0271,U006,2026-03-05T09:38:00,file_access,RES-013,0,5,DEV-013,0,0,,,0,0.0,0,0.0
E0272,U008,2026-03-05T09:43:00,login,,0,0,DEV-008,0,0,,,0,0.0,0,0.0
E0273,U019,2026-03-05T09:48:00,file_access,RES-015,0,8,DEV-001,0,0,,,0,0.0,0,0.0
E0274,U011,2026-03-05T09:50:00,logout,,0,0,DEV-018,0,0,,,0,0.0,0,93.0
E0275,U013,2026-03-05T09:50:00,logout,,0,0,DEV-007,0,0,,,0,0.0,0,65.0
E0276,U001,2026-03-05T09:52:00,file_access,RES-010,0,12,DEV-018,0,0,,,0,0.0,0,0.0
E0277,U010,2026-03-05T09:57:00,file_access,RES-016,0,9,DEV-006,0,0,,,0,0.0,0,0.0
E0278,U020,2026-03-05T10:00:00,login,,0,0,DEV-004,0,0,,,0,0.0,0,0.0
E0279,U008,2026-03-05T10:01:00,file_access,RES-022,0,8,DEV-008,0,0,,,0,0.0,0,0.0
E0280,U010,2026-03-05T10:05:00,transaction,,0,0,DEV-006,0,0,,BEN-013,0,550.06,0,0.0
E0281,U009,2026-03-05T10:07:00,logout,,0,0,DEV-012,0,0,,,0,0.0,0,120.0
E0282,U015,2026-03-05T10:23:00,login,,0,0,DEV-012,0,0,,,0,0.0,0,0.0
E0283,U020,2026-03-05T10:23:00,file_access,RES-015,0,14,DEV-004,0,0,,,0,0.0,0,0.0
E0284,U021,2026-03-05T10:26:00,file_access,RES-010,0,2,DEV-006,0,0,,,0,0.0,0,0.0
E0285,U006,2026-03-05T10:27:00,transaction,,0,0,DEV-013,0,0,,BEN-002,0,743.55,0,0.0
E0286,U019,2026-03-05T10:29:00,logout,,0,0,DEV-001,0,0,,,0,0.0,0,54.0
E0287,U001,2026-03-05T10:32:00,logout,,0,0,DEV-018,0,0,,,0,0.0,0,79.0
E0288,U002,2026-03-05T10:34:00,login,,0,0,DEV-001,0,0,,,0,0.0,0,0.0
E0289,U008,2026-03-05T10:36:00,logout,,0,0,DEV-008,0,0,,,0,0.0,0,53.0
E0290,U022,2026-03-05T10:36:00,login,,0,0,DEV-001,0,0,,,0,0.0,0,0.0
E0291,U004,2026-03-05T10:39:00,login,,0,0,DEV-005,0,0,,,0,0.0,0,0.0
E0292,U015,2026-03-05T10:39:00,file_access,RES-015,0,1,DEV-012,0,0,,,0,0.0,0,0.0
E0293,U021,2026-03-05T10:47:00,transaction,,0,0,DEV-006,0,0,,BEN-006,0,303.38,0,0.0
E0294,U010,2026-03-05T10:52:00,logout,,0,0,DEV-006,0,0,,,0,0.0,0,86.0
E0295,U020,2026-03-05T10:54:00,logout,,0,0,DEV-004,0,0,,,0,0.0,0,54.0
E0296,U015,2026-03-05T10:57:00,logout,,0,0,DEV-012,0,0,,,0,0.0,0,34.0
E0297,U006,2026-03-05T11:01:00,logout,,0,0,DEV-013,0,0,,,0,0.0,0,130.0
E0298,U022,2026-03-05T11:24:00,file_access,RES-011,0,3,DEV-001,0,0,,,0,0.0,0,0.0
E0299,U002,2026-03-05T11:32:00,file_access,RES-006,0,2,DEV-001,0,0,,,0,0.0,0,0.0
E0300,U004,2026-03-05T11:35:00,file_access,RES-022,0,1,DEV-005,0,0,,,0,0.0,0,0.0
E0301,U021,2026-03-05T11:36:00,logout,,0,0,DEV-006,0,0,,,0,0.0,0,130.0
E0302,U002,2026-03-05T11:49:00,logout,,0,0,DEV-001,0,0,,,0,0.0,0,75.0
E0303,U022,2026-03-05T12:08:00,transaction,,0,0,DEV-001,0,0,,BEN-004,0,166.32,0,0.0
E0304,U004,2026-03-05T12:20:00,logout,,0,0,DEV-005,0,0,,,0,0.0,0,101.0
E0305,U022,2026-03-05T12:49:00,logout,,0,0,DEV-001,0,0,,,0,0.0,0,133.0
E0306,U025,2026-03-05T13:23:00,login,,0,0,DEV-018,0,0,,,0,0.0,0,0.0
E0307,U025,2026-03-05T13:34:00,file_access,RES-013,0,8,DEV-018,0,0,,,0,0.0,0,0.0
E0308,U025,2026-03-05T14:14:00,transaction,,0,0,DEV-018,0,0,,BEN-006,0,56.53,0,0.0
E0309,U024,2026-03-05T14:47:00,login,,0,0,DEV-003,0,0,,,0,0.0,0,0.0
E0310,U025,2026-03-05T15:03:00,logout,,0,0,DEV-018,0,0,,,0,0.0,0,100.0
E0311,U024,2026-03-05T15:18:00,file_access,RES-011,0,4,DEV-003,0,0,,,0,0.0,0,0.0
E0312,U024,2026-03-05T15:57:00,transaction,,0,0,DEV-003,0,0,,BEN-009,0,365.72,0,0.0
E0313,U024,2026-03-05T16:24:00,logout,,0,0,DEV-003,0,0,,,0,0.0,0,97.0
E0314,U003,2026-03-06T07:13:00,login,,0,0,DEV-009,0,0,,,0,0.0,0,0.0
E0315,U017,2026-03-06T07:17:00,login,,0,0,DEV-015,0,0,,,0,0.0,0,0.0
E0316,U002,2026-03-06T07:25:00,login,,0,0,DEV-001,0,0,,,0,0.0,0,0.0
E0317,U002,2026-03-06T07:33:00,file_access,RES-011,0,7,DEV-001,0,0,,,0,0.0,0,0.0
E0318,U016,2026-03-06T07:39:00,login,,0,0,DEV-004,0,0,,,0,0.0,0,0.0
E0319,U007,2026-03-06T07:47:00,login,,0,0,DEV-007,0,0,,,0,0.0,0,0.0
E0320,U003,2026-03-06T08:00:00,file_access,RES-016,0,4,DEV-009,0,0,,,0,0.0,0,0.0
E0321,U002,2026-03-06T08:02:00,transaction,,0,0,DEV-001,0,0,,BEN-005,0,247.78,0,0.0
E0322,U022,2026-03-06T08:09:00,login,,0,0,DEV-001,0,0,,,0,0.0,0,0.0
E0323,U003,2026-03-06T08:13:00,transaction,,0,0,DEV-009,0,0,,BEN-011,0,659.36,0,0.0
E0324,U017,2026-03-06T08:14:00,file_access,RES-010,0,2,DEV-015,0,0,,,0,0.0,0,0.0
E0325,U002,2026-03-06T08:26:00,logout,,0,0,DEV-001,0,0,,,0,0.0,0,61.0
E0326,U022,2026-03-06T08:28:00,file_access,RES-020,0,11,DEV-001,0,0,,,0,0.0,0,0.0
E0327,U016,2026-03-06T08:31:00,file_access,RES-009,0,13,DEV-004,0,0,,,0,0.0,0,0.0
E0328,U005,2026-03-06T08:35:00,login,,0,0,DEV-012,0,0,,,0,0.0,0,0.0
E0329,U018,2026-03-06T08:37:00,login,,0,0,DEV-018,0,0,,,0,0.0,0,0.0
E0330,U007,2026-03-06T08:39:00,file_access,RES-012,0,6,DEV-007,0,0,,,0,0.0,0,0.0
E0331,U012,2026-03-06T08:44:00,login,,0,0,DEV-011,0,0,,,0,0.0,0,0.0
E0332,U005,2026-03-06T08:49:00,file_access,RES-019,0,3,DEV-012,0,0,,,0,0.0,0,0.0
E0333,U016,2026-03-06T08:49:00,transaction,,0,0,DEV-004,0,0,,BEN-005,0,364.87,0,0.0
E0334,U022,2026-03-06T08:49:00,transaction,,0,0,DEV-001,0,0,,BEN-008,0,26.76,0,0.0
E0335,U013,2026-03-06T08:51:00,login,,0,0,DEV-007,0,0,,,0,0.0,0,0.0
E0336,U023,2026-03-06T08:55:00,login,,0,0,DEV-008,0,0,,,0,0.0,0,0.0
E0337,U010,2026-03-06T09:01:00,login,,0,0,DEV-006,0,0,,,0,0.0,0,0.0
E0338,U015,2026-03-06T09:03:00,login,,0,0,DEV-012,0,0,,,0,0.0,0,0.0
E0339,U003,2026-03-06T09:04:00,logout,,0,0,DEV-009,0,0,,,0,0.0,0,111.0
E0340,U016,2026-03-06T09:04:00,logout,,0,0,DEV-004,0,0,,,0,0.0,0,85.0
E0341,U001,2026-03-06T09:06:00,login,,0,0,DEV-018,0,0,,,0,0.0,0,0.0
E0342,U004,2026-03-06T09:08:00,login,,0,0,DEV-005,0,0,,,0,0.0,0,0.0
E0343,U017,2026-03-06T09:09:00,transaction,,0,0,DEV-015,0,0,,BEN-010,0,234.07,0,0.0
E0344,U018,2026-03-06T09:09:00,file_access,RES-021,0,2,DEV-018,0,0,,,0,0.0,0,0.0
E0345,U001,2026-03-06T09:17:00,file_access,RES-019,0,6,DEV-018,0,0,,,0,0.0,0,0.0
E0346,U005,2026-03-06T09:17:00,transaction,,0,0,DEV-012,0,0,,BEN-014,0,318.92,0,0.0
E0347,U022,2026-03-06T09:17:00,logout,,0,0,DEV-001,0,0,,,0,0.0,0,68.0
E0348,U007,2026-03-06T09:26:00,transaction,,0,0,DEV-007,0,0,,BEN-011,0,1429.73,0,0.0
E0349,U005,2026-03-06T09:28:00,logout,,0,0,DEV-012,0,0,,,0,0.0,0,53.0
E0350,U004,2026-03-06T09:29:00,file_access,RES-009,0,15,DEV-005,0,0,,,0,0.0,0,0.0
E0351,U013,2026-03-06T09:30:00,file_access,RES-021,0,8,DEV-007,0,0,,,0,0.0,0,0.0
E0352,U017,2026-03-06T09:37:00,logout,,0,0,DEV-015,0,0,,,0,0.0,0,140.0
E0353,U018,2026-03-06T09:40:00,transaction,,0,0,DEV-018,0,0,,BEN-006,0,140.86,0,0.0
E0354,U019,2026-03-06T09:40:00,login,,0,0,DEV-001,0,0,,,0,0.0,0,0.0
E0355,U008,2026-03-06T09:42:00,login,,0,0,DEV-008,0,0,,,0,0.0,0,0.0
E0356,U012,2026-03-06T09:42:00,file_access,RES-013,0,2,DEV-011,0,0,,,0,0.0,0,0.0
E0357,U007,2026-03-06T09:43:00,logout,,0,0,DEV-007,0,0,,,0,0.0,0,116.0
E0358,U015,2026-03-06T09:43:00,file_access,RES-015,0,12,DEV-012,0,0,,,0,0.0,0,0.0
E0359,U023,2026-03-06T09:43:00,file_access,RES-007,0,15,DEV-008,0,0,,,0,0.0,0,0.0
E0360,U014,2026-03-06T09:50:00,login,,0,0,DEV-008,0,0,,,0,0.0,0,0.0
E0361,U001,2026-03-06T09:51:00,transaction,,0,0,DEV-018,0,0,,BEN-014,0,187.42,0,0.0
E0362,U006,2026-03-06T09:52:00,login,,0,0,DEV-013,0,0,,,0,0.0,0,0.0
E0363,U021,2026-03-06T09:54:00,login,,0,0,DEV-006,0,0,,,0,0.0,0,0.0
E0364,U014,2026-03-06T09:56:00,file_access,RES-008,0,5,DEV-008,0,0,,,0,0.0,0,0.0
E0365,U010,2026-03-06T10:00:00,file_access,RES-024,0,7,DEV-006,0,0,,,0,0.0,0,0.0
E0366,U001,2026-03-06T10:04:00,logout,,0,0,DEV-018,0,0,,,0,0.0,0,58.0
E0367,U004,2026-03-06T10:09:00,transaction,,0,0,DEV-005,0,0,,BEN-003,0,1632.24,0,0.0
E0368,U018,2026-03-06T10:10:00,logout,,0,0,DEV-018,0,0,,,0,0.0,0,93.0
E0369,U012,2026-03-06T10:11:00,logout,,0,0,DEV-011,0,0,,,0,0.0,0,87.0
E0370,U013,2026-03-06T10:21:00,transaction,,0,0,DEV-007,0,0,,BEN-004,0,184.51,0,0.0
E0371,U019,2026-03-06T10:23:00,file_access,RES-013,0,12,DEV-001,0,0,,,0,0.0,0,0.0
E0372,U023,2026-03-06T10:24:00,logout,,0,0,DEV-008,0,0,,,0,0.0,0,89.0
E0373,U006,2026-03-06T10:26:00,file_access,RES-017,0,5,DEV-013,0,0,,,0,0.0,0,0.0
E0374,U008,2026-03-06T10:27:00,file_access,RES-016,0,2,DEV-008,0,0,,,0,0.0,0,0.0
E0375,U010,2026-03-06T10:27:00,transaction,,0,0,DEV-006,0,0,,BEN-014,0,490.4,0,0.0
E0376,U015,2026-03-06T10:33:00,logout,,0,0,DEV-012,0,0,,,0,0.0,0,90.0
E0377,U004,2026-03-06T10:36:00,logout,,0,0,DEV-005,0,0,,,0,0.0,0,88.0
E0378,U021,2026-03-06T10:42:00,file_access,RES-023,0,7,DEV-006,0,0,,,0,0.0,0,0.0
E0379,U014,2026-03-06T10:45:00,transaction,,0,0,DEV-008,0,0,,BEN-004,0,341.28,0,0.0
E0380,U006,2026-03-06T10:50:00,logout,,0,0,DEV-013,0,0,,,0,0.0,0,58.0
E0381,U009,2026-03-06T10:52:00,login,,0,0,DEV-012,0,0,,,0,0.0,0,0.0
E0382,U008,2026-03-06T11:01:00,logout,,0,0,DEV-008,0,0,,,0,0.0,0,79.0
E0383,U010,2026-03-06T11:03:00,logout,,0,0,DEV-006,0,0,,,0,0.0,0,122.0
E0384,U019,2026-03-06T11:03:00,transaction,,0,0,DEV-001,0,0,,BEN-004,0,560.87,0,0.0
E0385,U014,2026-03-06T11:14:00,logout,,0,0,DEV-008,0,0,,,0,0.0,0,84.0
E0386,U019,2026-03-06T11:20:00,logout,,0,0,DEV-001,0,0,,,0,0.0,0,100.0
E0387,U020,2026-03-06T11:22:00,login,,0,0,DEV-004,0,0,,,0,0.0,0,0.0
E0388,U013,2026-03-06T11:24:00,logout,,0,0,DEV-007,0,0,,,0,0.0,0,153.0
E0389,U021,2026-03-06T11:32:00,logout,,0,0,DEV-006,0,0,,,0,0.0,0,98.0
E0390,U009,2026-03-06T11:43:00,file_access,RES-022,0,7,DEV-012,0,0,,,0,0.0,0,0.0
E0391,U020,2026-03-06T11:48:00,file_access,RES-023,0,13,DEV-004,0,0,,,0,0.0,0,0.0
E0392,U020,2026-03-06T12:12:00,logout,,0,0,DEV-004,0,0,,,0,0.0,0,50.0
E0393,U009,2026-03-06T12:28:00,logout,,0,0,DEV-012,0,0,,,0,0.0,0,96.0
E0394,U024,2026-03-06T13:53:00,login,,0,0,DEV-003,0,0,,,0,0.0,0,0.0
E0395,U024,2026-03-06T14:08:00,file_access,RES-014,0,15,DEV-003,0,0,,,0,0.0,0,0.0
E0396,U024,2026-03-06T14:48:00,logout,,0,0,DEV-003,0,0,,,0,0.0,0,55.0
E0397,U025,2026-03-06T14:52:00,login,,0,0,DEV-018,0,0,,,0,0.0,0,0.0
E0398,U025,2026-03-06T15:26:00,file_access,RES-015,0,11,DEV-018,0,0,,,0,0.0,0,0.0
E0399,U025,2026-03-06T15:39:00,transaction,,0,0,DEV-018,0,0,,BEN-001,0,169.46,0,0.0
E0400,U025,2026-03-06T15:51:00,logout,,0,0,DEV-018,0,0,,,0,0.0,0,59.0
E0401,U004,2026-03-07T01:45:00,login,,0,0,DEV-019,1,0,,,0,0.0,0,0.0
E0402,U004,2026-03-07T01:52:00,file_access,RES-004,1,500,DEV-019,0,0,,,0,0.0,0,0.0
E0403,U003,2026-03-07T02:13:00,login,,0,0,DEV-004,1,0,,,0,0.0,0,0.0
E0404,U003,2026-03-07T02:19:00,file_access,RES-002,1,469,DEV-004,0,0,,,0,0.0,0,0.0
E0405,U003,2026-03-07T02:25:00,permission_change,,0,0,DEV-004,0,1,elevated,,0,0.0,0,0.0
E0406,U003,2026-03-07T02:31:00,beneficiary_change,,0,0,DEV-004,0,0,,BEN-009,1,0.0,0,0.0
E0407,U003,2026-03-07T02:37:00,transaction,,0,0,DEV-004,0,0,,BEN-009,1,6799.12,1,0.0
E0408,U003,2026-03-07T02:43:00,data_export,RES-002,1,3519,DEV-004,0,0,,,0,0.0,0,0.0
E0409,U001,2026-03-07T09:00:00,login,,0,0,DEV-018,0,0,,,0,0.0,0,0.0
E0410,U001,2026-03-07T09:08:00,file_access,RES-015,0,8,DEV-018,0,0,,,0,0.0,0,0.0
E0411,U001,2026-03-07T09:16:00,transaction,,0,0,DEV-018,0,0,,BEN-002,0,166.96,0,0.0
E0412,U001,2026-03-07T09:45:00,logout,,0,0,DEV-018,0,0,,,0,0.0,0,45.0
