event_id,user_id,timestamp,event_type,m2_behavior_score,ml_attack_probability,ml_attack_prediction,isolation_risk_score,isolation_forest_prediction,m2_risk_normalized,ml_risk_normalized,isolation_risk_normalized,m9_risk_score,m9_risk_level,m9_attack_prediction,model_agreement,m9_security_alert
E000591,U001,2026-03-10 02:41:00,transaction,55.0,100.0,1,98.6134080237774,1,0.55,1.0,0.9861340802377739,81.72,CRITICAL,1,BOTH MODELS,IMMEDIATE INVESTIGATION REQUIRED
E000669,U002,2026-03-11 02:41:00,transaction,55.0,100.0,1,98.6134080237774,1,0.55,1.0,0.9861340802377739,81.72,CRITICAL,1,BOTH MODELS,IMMEDIATE INVESTIGATION REQUIRED
E000590,U001,2026-03-10 02:34:00,beneficiary_change,40.2,100.0,1,100.0,1,0.402,1.0,1.0,76.08,HIGH,1,BOTH MODELS,HIGH PRIORITY SECURITY ALERT
E000667,U002,2026-03-11 02:34:00,beneficiary_change,40.2,100.0,1,100.0,1,0.402,1.0,1.0,76.08,HIGH,1,BOTH MODELS,HIGH PRIORITY SECURITY ALERT
E000586,U001,2026-03-10 02:19:00,permission_change,33.2,100.0,1,97.14581573723414,1,0.332,1.0,0.9714581573723414,72.71,HIGH,1,BOTH MODELS,HIGH PRIORITY SECURITY ALERT
E000664,U002,2026-03-11 02:19:00,permission_change,33.2,100.0,1,97.14581573723414,1,0.332,1.0,0.9714581573723414,72.71,HIGH,1,BOTH MODELS,HIGH PRIORITY SECURITY ALERT
E000588,U001,2026-03-10 02:27:00,file_access,33.0,97.33333333333334,1,83.10241956040129,1,0.33,0.9733333333333334,0.8310241956040129,68.75,HIGH,1,BOTH MODELS,HIGH PRIORITY SECURITY ALERT
E000666,U002,2026-03-11 02:27:00,file_access,33.0,97.33333333333334,1,83.10241956040129,1,0.33,0.9733333333333334,0.8310241956040129,68.75,HIGH,1,BOTH MODELS,HIGH PRIORITY SECURITY ALERT
E000585,U001,2026-03-10 02:13:00,login,29.1,84.33333333333334,1,90.80383560384166,1,0.29100000000000004,0.8433333333333334,0.9080383560384166,63.53,HIGH,1,BOTH MODELS,HIGH PRIORITY SECURITY ALERT
E000663,U002,2026-03-11 02:13:00,login,29.1,84.33333333333334,1,90.80383560384166,1,0.29100000000000004,0.8433333333333334,0.9080383560384166,63.53,HIGH,1,BOTH MODELS,HIGH PRIORITY SECURITY ALERT
E000508,U013,2026-03-09 00:55:00,login,24.2,6.0,0,82.46080534402634,0,0.242,0.06,0.8246080534402634,28.57,LOW,0,NO MODEL DETECTION,NO IMMEDIATE ACTION
E000580,U019,2026-03-10 00:26:00,login,22.1,7.666666666666666,0,72.23617204668587,0,0.221,0.07666666666666666,0.7223617204668586,26.35,LOW,0,NO MODEL DETECTION,NO IMMEDIATE ACTION
E000275,U005,2026-03-05 12:45:00,login,20.0,1.0,0,68.92555769387717,0,0.2,0.01,0.6892555769387717,22.19,LOW,0,NO MODEL DETECTION,NO IMMEDIATE ACTION
E000629,U017,2026-03-10 10:45:00,transaction,6.0,9.333333333333334,0,63.06681830964928,0,0.06,0.09333333333333334,0.6306681830964928,18.75,LOW,0,NO MODEL DETECTION,NO IMMEDIATE ACTION
E000679,U012,2026-03-11 05:49:00,transaction,9.0,0.0,0,69.67966914271835,0,0.09,0.0,0.6967966914271835,17.54,LOW,0,NO MODEL DETECTION,NO IMMEDIATE ACTION
E000426,U003,2026-03-07 14:31:00,transaction,9.0,0.0,0,69.67966914271835,0,0.09,0.0,0.6967966914271835,17.54,LOW,0,NO MODEL DETECTION,NO IMMEDIATE ACTION
E000582,U019,2026-03-10 01:23:00,transaction,9.0,0.0,0,69.67966914271835,0,0.09,0.0,0.6967966914271835,17.54,LOW,0,NO MODEL DETECTION,NO IMMEDIATE ACTION
E000045,U018,2026-03-02 11:00:00,transaction,9.0,0.0,0,69.67966914271835,0,0.09,0.0,0.6967966914271835,17.54,LOW,0,NO MODEL DETECTION,NO IMMEDIATE ACTION
E000211,U020,2026-03-04 14:39:00,transaction,9.0,0.0,0,69.67966914271835,0,0.09,0.0,0.6967966914271835,17.54,LOW,0,NO MODEL DETECTION,NO IMMEDIATE ACTION
E000335,U011,2026-03-06 11:29:00,transaction,7.5,0.0,0,67.05270608141142,0,0.075,0.0,0.6705270608141142,16.41,LOW,0,NO MODEL DETECTION,NO IMMEDIATE ACTION
E000002,U019,2026-03-02 01:34:00,login,14.1,0.0,0,46.2256638048616,0,0.141,0.0,0.46225663804861594,14.89,LOW,0,NO MODEL DETECTION,NO IMMEDIATE ACTION
E000641,U003,2026-03-10 13:05:00,login,14.1,0.0,0,46.2256638048616,0,0.141,0.0,0.46225663804861594,14.89,LOW,0,NO MODEL DETECTION,NO IMMEDIATE ACTION
E000514,U015,2026-03-09 01:55:00,login,14.1,0.0,0,46.2256638048616,0,0.141,0.0,0.46225663804861594,14.89,LOW,0,NO MODEL DETECTION,NO IMMEDIATE ACTION
E000670,U012,2026-03-11 02:52:00,login,14.1,0.0,0,46.2256638048616,0,0.141,0.0,0.46225663804861594,14.89,LOW,0,NO MODEL DETECTION,NO IMMEDIATE ACTION
E000367,U019,2026-03-07 01:14:00,login,14.1,0.0,0,46.2256638048616,0,0.141,0.0,0.46225663804861594,14.89,LOW,0,NO MODEL DETECTION,NO IMMEDIATE ACTION
E000583,U006,2026-03-10 01:43:00,login,14.1,0.0,0,46.2256638048616,0,0.141,0.0,0.46225663804861594,14.89,LOW,0,NO MODEL DETECTION,NO IMMEDIATE ACTION
E000365,U006,2026-03-07 01:06:00,login,14.1,0.0,0,46.2256638048616,0,0.141,0.0,0.46225663804861594,14.89,LOW,0,NO MODEL DETECTION,NO IMMEDIATE ACTION
E000343,U003,2026-03-06 13:34:00,login,14.1,0.0,0,46.2256638048616,0,0.141,0.0,0.46225663804861594,14.89,LOW,0,NO MODEL DETECTION,NO IMMEDIATE ACTION
E000300,U012,2026-03-06 02:19:00,login,14.1,0.0,0,46.2256638048616,0,0.141,0.0,0.46225663804861594,14.89,LOW,0,NO MODEL DETECTION,NO IMMEDIATE ACTION
E000228,U012,2026-03-05 02:07:00,login,14.1,0.0,0,46.2256638048616,0,0.141,0.0,0.46225663804861594,14.89,LOW,0,NO MODEL DETECTION,NO IMMEDIATE ACTION
E000297,U015,2026-03-06 01:47:00,login,14.1,0.0,0,46.2256638048616,0,0.141,0.0,0.46225663804861594,14.89,LOW,0,NO MODEL DETECTION,NO IMMEDIATE ACTION
E000296,U006,2026-03-06 01:47:00,login,14.1,0.0,0,46.2256638048616,0,0.141,0.0,0.46225663804861594,14.89,LOW,0,NO MODEL DETECTION,NO IMMEDIATE ACTION
E000226,U015,2026-03-05 01:47:00,login,14.1,0.0,0,46.2256638048616,0,0.141,0.0,0.46225663804861594,14.89,LOW,0,NO MODEL DETECTION,NO IMMEDIATE ACTION
E000205,U003,2026-03-04 13:22:00,login,14.1,0.0,0,46.2256638048616,0,0.141,0.0,0.46225663804861594,14.89,LOW,0,NO MODEL DETECTION,NO IMMEDIATE ACTION
E000420,U003,2026-03-07 13:32:00,login,14.1,0.0,0,46.2256638048616,0,0.141,0.0,0.46225663804861594,14.89,LOW,0,NO MODEL DETECTION,NO IMMEDIATE ACTION
E000438,U006,2026-03-08 01:03:00,login,14.1,0.0,0,46.2256638048616,0,0.141,0.0,0.46225663804861594,14.89,LOW,0,NO MODEL DETECTION,NO IMMEDIATE ACTION
E000065,U020,2026-03-02 15:33:00,login,14.1,0.0,0,46.2256638048616,0,0.141,0.0,0.46225663804861594,14.89,LOW,0,NO MODEL DETECTION,NO IMMEDIATE ACTION
E000001,U006,2026-03-02 01:05:00,login,14.1,0.0,0,46.2256638048616,0,0.141,0.0,0.46225663804861594,14.89,LOW,0,NO MODEL DETECTION,NO IMMEDIATE ACTION
E000154,U015,2026-03-04 01:05:00,login,14.1,0.0,0,46.2256638048616,0,0.141,0.0,0.46225663804861594,14.89,LOW,0,NO MODEL DETECTION,NO IMMEDIATE ACTION
E000003,U015,2026-03-02 01:49:00,login,14.1,0.0,0,46.2256638048616,0,0.141,0.0,0.46225663804861594,14.89,LOW,0,NO MODEL DETECTION,NO IMMEDIATE ACTION
E000657,U013,2026-03-11 01:42:00,login,14.1,0.0,0,46.2256638048616,0,0.141,0.0,0.46225663804861594,14.89,LOW,0,NO MODEL DETECTION,NO IMMEDIATE ACTION
E000658,U019,2026-03-11 01:56:00,login,14.1,0.0,0,46.2256638048616,0,0.141,0.0,0.46225663804861594,14.89,LOW,0,NO MODEL DETECTION,NO IMMEDIATE ACTION
E000440,U013,2026-03-08 01:21:00,login,14.1,0.0,0,46.2256638048616,0,0.141,0.0,0.46225663804861594,14.89,LOW,0,NO MODEL DETECTION,NO IMMEDIATE ACTION
E000053,U003,2026-03-02 13:55:00,login,14.1,0.0,0,46.2256638048616,0,0.141,0.0,0.46225663804861594,14.89,LOW,0,NO MODEL DETECTION,NO IMMEDIATE ACTION
E000366,U013,2026-03-07 01:10:00,login,14.1,0.0,0,46.2256638048616,0,0.141,0.0,0.46225663804861594,14.89,LOW,0,NO MODEL DETECTION,NO IMMEDIATE ACTION
E000153,U013,2026-03-04 01:02:00,login,14.1,0.0,0,46.2256638048616,0,0.141,0.0,0.46225663804861594,14.89,LOW,0,NO MODEL DETECTION,NO IMMEDIATE ACTION
E000079,U013,2026-03-03 03:09:00,login,14.1,0.0,0,46.2256638048616,0,0.141,0.0,0.46225663804861594,14.89,LOW,0,NO MODEL DETECTION,NO IMMEDIATE ACTION
E000162,U012,2026-03-04 02:10:00,login,14.1,0.0,0,46.2256638048616,0,0.141,0.0,0.46225663804861594,14.89,LOW,0,NO MODEL DETECTION,NO IMMEDIATE ACTION
E000146,U003,2026-03-03 15:19:00,login,14.1,0.0,0,46.2256638048616,0,0.141,0.0,0.46225663804861594,14.89,LOW,0,NO MODEL DETECTION,NO IMMEDIATE ACTION
E000511,U019,2026-03-09 01:41:00,login,14.1,0.0,0,46.2256638048616,0,0.141,0.0,0.46225663804861594,14.89,LOW,0,NO MODEL DETECTION,NO IMMEDIATE ACTION
E000225,U013,2026-03-05 01:37:00,login,14.1,0.0,0,46.2256638048616,0,0.141,0.0,0.46225663804861594,14.89,LOW,0,NO MODEL DETECTION,NO IMMEDIATE ACTION
E000005,U012,2026-03-02 02:22:00,login,14.1,0.0,0,46.2256638048616,0,0.141,0.0,0.46225663804861594,14.89,LOW,0,NO MODEL DETECTION,NO IMMEDIATE ACTION
E000442,U019,2026-03-08 01:59:00,login,14.1,0.0,0,46.2256638048616,0,0.141,0.0,0.46225663804861594,14.89,LOW,0,NO MODEL DETECTION,NO IMMEDIATE ACTION
E000509,U006,2026-03-09 01:11:00,login,14.1,0.0,0,46.2256638048616,0,0.141,0.0,0.46225663804861594,14.89,LOW,0,NO MODEL DETECTION,NO IMMEDIATE ACTION
E000155,U019,2026-03-04 01:17:00,login,14.1,0.0,0,46.2256638048616,0,0.141,0.0,0.46225663804861594,14.89,LOW,0,NO MODEL DETECTION,NO IMMEDIATE ACTION
E000717,U008,2026-03-11 13:06:00,login,12.0,0.0,0,47.78415697259156,0,0.12,0.0,0.4778415697259156,14.36,LOW,0,NO MODEL DETECTION,NO IMMEDIATE ACTION
E000643,U005,2026-03-10 13:28:00,login,12.0,0.0,0,47.78415697259156,0,0.12,0.0,0.4778415697259156,14.36,LOW,0,NO MODEL DETECTION,NO IMMEDIATE ACTION
E000422,U005,2026-03-07 13:49:00,login,12.0,0.0,0,47.78415697259156,0,0.12,0.0,0.4778415697259156,14.36,LOW,0,NO MODEL DETECTION,NO IMMEDIATE ACTION
E000489,U010,2026-03-08 13:14:00,login,12.0,0.0,0,47.78415697259156,0,0.12,0.0,0.4778415697259156,14.36,LOW,0,NO MODEL DETECTION,NO IMMEDIATE ACTION
E000135,U005,2026-03-03 13:41:00,login,12.0,0.0,0,47.78415697259156,0,0.12,0.0,0.4778415697259156,14.36,LOW,0,NO MODEL DETECTION,NO IMMEDIATE ACTION
E000204,U008,2026-03-04 13:08:00,login,12.0,0.0,0,47.78415697259156,0,0.12,0.0,0.4778415697259156,14.36,LOW,0,NO MODEL DETECTION,NO IMMEDIATE ACTION
E000640,U010,2026-03-10 13:01:00,login,12.0,0.0,0,47.78415697259156,0,0.12,0.0,0.4778415697259156,14.36,LOW,0,NO MODEL DETECTION,NO IMMEDIATE ACTION
E000337,U009,2026-03-06 12:00:00,login,12.0,0.0,0,47.78415697259156,0,0.12,0.0,0.4778415697259156,14.36,LOW,0,NO MODEL DETECTION,NO IMMEDIATE ACTION
E000491,U005,2026-03-08 13:32:00,login,12.0,0.0,0,47.78415697259156,0,0.12,0.0,0.4778415697259156,14.36,LOW,0,NO MODEL DETECTION,NO IMMEDIATE ACTION
E000020,U017,2026-03-02 08:52:00,login,12.0,0.0,0,47.78415697259156,0,0.12,0.0,0.4778415697259156,14.36,LOW,0,NO MODEL DETECTION,NO IMMEDIATE ACTION
E000462,U017,2026-03-08 08:43:00,login,12.0,0.0,0,47.78415697259156,0,0.12,0.0,0.4778415697259156,14.36,LOW,0,NO MODEL DETECTION,NO IMMEDIATE ACTION
E000559,U010,2026-03-09 13:34:00,login,12.0,0.0,0,47.78415697259156,0,0.12,0.0,0.4778415697259156,14.36,LOW,0,NO MODEL DETECTION,NO IMMEDIATE ACTION
E000558,U020,2026-03-09 13:07:00,login,12.0,0.0,0,47.78415697259156,0,0.12,0.0,0.4778415697259156,14.36,LOW,0,NO MODEL DETECTION,NO IMMEDIATE ACTION
E000207,U020,2026-03-04 13:54:00,login,12.0,0.0,0,47.78415697259156,0,0.12,0.0,0.4778415697259156,14.36,LOW,0,NO MODEL DETECTION,NO IMMEDIATE ACTION
E000642,U008,2026-03-10 13:20:00,login,12.0,0.0,0,47.78415697259156,0,0.12,0.0,0.4778415697259156,14.36,LOW,0,NO MODEL DETECTION,NO IMMEDIATE ACTION
E000134,U008,2026-03-03 13:18:00,login,12.0,0.0,0,47.78415697259156,0,0.12,0.0,0.4778415697259156,14.36,LOW,0,NO MODEL DETECTION,NO IMMEDIATE ACTION
E000339,U005,2026-03-06 13:06:00,login,12.0,0.0,0,47.78415697259156,0,0.12,0.0,0.4778415697259156,14.36,LOW,0,NO MODEL DETECTION,NO IMMEDIATE ACTION
E000680,U001,2026-03-11 06:36:00,login,12.0,0.0,0,47.78415697259156,0,0.12,0.0,0.4778415697259156,14.36,LOW,0,NO MODEL DETECTION,NO IMMEDIATE ACTION
E000528,U007,2026-03-09 07:31:00,login,12.0,0.0,0,47.78415697259156,0,0.12,0.0,0.4778415697259156,14.36,LOW,0,NO MODEL DETECTION,NO IMMEDIATE ACTION
E000419,U020,2026-03-07 13:14:00,login,12.0,0.0,0,47.78415697259156,0,0.12,0.0,0.4778415697259156,14.36,LOW,0,NO MODEL DETECTION,NO IMMEDIATE ACTION
E000526,U004,2026-03-09 06:53:00,login,12.0,0.0,0,47.78415697259156,0,0.12,0.0,0.4778415697259156,14.36,LOW,0,NO MODEL DETECTION,NO IMMEDIATE ACTION
E000182,U011,2026-03-04 09:17:00,transaction,3.0,0.0,0,48.42236583867139,0,0.03,0.0,0.4842236583867139,10.88,LOW,0,NO MODEL DETECTION,NO IMMEDIATE ACTION
E000298,U019,2026-03-06 02:08:00,login,2.1,0.0,0,47.529471395831344,0,0.021,0.0,0.47529471395831346,10.35,LOW,0,NO MODEL DETECTION,NO IMMEDIATE ACTION
E000213,U010,2026-03-04 14:47:00,login,2.1,0.0,0,47.529471395831344,0,0.021,0.0,0.47529471395831346,10.35,LOW,0,NO MODEL DETECTION,NO IMMEDIATE ACTION
E000075,U006,2026-03-03 02:45:00,login,2.1,0.0,0,47.529471395831344,0,0.021,0.0,0.47529471395831346,10.35,LOW,0,NO MODEL DETECTION,NO IMMEDIATE ACTION
E000721,U005,2026-03-11 14:11:00,login,2.1,0.0,0,47.529471395831344,0,0.021,0.0,0.47529471395831346,10.35,LOW,0,NO MODEL DETECTION,NO IMMEDIATE ACTION
E000283,U003,2026-03-05 14:46:00,login,2.1,0.0,0,47.529471395831344,0,0.021,0.0,0.47529471395831346,10.35,LOW,0,NO MODEL DETECTION,NO IMMEDIATE ACTION
E000589,U015,2026-03-10 02:31:00,login,2.1,0.0,0,47.529471395831344,0,0.021,0.0,0.47529471395831346,10.35,LOW,0,NO MODEL DETECTION,NO IMMEDIATE ACTION
E000662,U015,2026-03-11 02:06:00,login,2.1,0.0,0,47.529471395831344,0,0.021,0.0,0.47529471395831346,10.35,LOW,0,NO MODEL DETECTION,NO IMMEDIATE ACTION
E000562,U005,2026-03-09 14:17:00,login,2.1,0.0,0,47.529471395831344,0,0.021,0.0,0.47529471395831346,10.35,LOW,0,NO MODEL DETECTION,NO IMMEDIATE ACTION
E000078,U012,2026-03-03 03:05:00,login,2.1,0.0,0,47.529471395831344,0,0.021,0.0,0.47529471395831346,10.35,LOW,0,NO MODEL DETECTION,NO IMMEDIATE ACTION
E000350,U010,2026-03-06 14:22:00,login,2.1,0.0,0,47.529471395831344,0,0.021,0.0,0.47529471395831346,10.35,LOW,0,NO MODEL DETECTION,NO IMMEDIATE ACTION
E000377,U012,2026-03-07 03:08:00,login,2.1,0.0,0,47.529471395831344,0,0.021,0.0,0.47529471395831346,10.35,LOW,0,NO MODEL DETECTION,NO IMMEDIATE ACTION
E000451,U012,2026-03-08 03:55:00,login,2.1,0.0,0,47.529471395831344,0,0.021,0.0,0.47529471395831346,10.35,LOW,0,NO MODEL DETECTION,NO IMMEDIATE ACTION
E000227,U019,2026-03-05 02:05:00,login,2.1,0.0,0,47.529471395831344,0,0.021,0.0,0.47529471395831346,10.35,LOW,0,NO MODEL DETECTION,NO IMMEDIATE ACTION
E000726,U010,2026-03-11 14:49:00,login,2.1,0.0,0,47.529471395831344,0,0.021,0.0,0.47529471395831346,10.35,LOW,0,NO MODEL DETECTION,NO IMMEDIATE ACTION
E000518,U012,2026-03-09 03:39:00,login,2.1,0.0,0,47.529471395831344,0,0.021,0.0,0.47529471395831346,10.35,LOW,0,NO MODEL DETECTION,NO IMMEDIATE ACTION
E000592,U012,2026-03-10 03:19:00,login,2.1,0.0,0,47.529471395831344,0,0.021,0.0,0.47529471395831346,10.35,LOW,0,NO MODEL DETECTION,NO IMMEDIATE ACTION
E000007,U013,2026-03-02 02:31:00,login,2.1,0.0,0,47.529471395831344,0,0.021,0.0,0.47529471395831346,10.35,LOW,0,NO MODEL DETECTION,NO IMMEDIATE ACTION
E000058,U005,2026-03-02 14:53:00,login,2.1,0.0,0,47.529471395831344,0,0.021,0.0,0.47529471395831346,10.35,LOW,0,NO MODEL DETECTION,NO IMMEDIATE ACTION
E000303,U013,2026-03-06 02:51:00,login,2.1,0.0,0,47.529471395831344,0,0.021,0.0,0.47529471395831346,10.35,LOW,0,NO MODEL DETECTION,NO IMMEDIATE ACTION
E000229,U006,2026-03-05 02:22:00,login,2.1,0.0,0,47.529471395831344,0,0.021,0.0,0.47529471395831346,10.35,LOW,0,NO MODEL DETECTION,NO IMMEDIATE ACTION
E000587,U013,2026-03-10 02:25:00,login,2.1,0.0,0,47.529471395831344,0,0.021,0.0,0.47529471395831346,10.35,LOW,0,NO MODEL DETECTION,NO IMMEDIATE ACTION
E000054,U010,2026-03-02 14:01:00,login,2.1,0.0,0,47.529471395831344,0,0.021,0.0,0.47529471395831346,10.35,LOW,0,NO MODEL DETECTION,NO IMMEDIATE ACTION
E000495,U003,2026-03-08 14:47:00,login,2.1,0.0,0,47.529471395831344,0,0.021,0.0,0.47529471395831346,10.35,LOW,0,NO MODEL DETECTION,NO IMMEDIATE ACTION
E000563,U003,2026-03-09 14:37:00,login,2.1,0.0,0,47.529471395831344,0,0.021,0.0,0.47529471395831346,10.35,LOW,0,NO MODEL DETECTION,NO IMMEDIATE ACTION
E000282,U010,2026-03-05 14:44:00,login,2.1,0.0,0,47.529471395831344,0,0.021,0.0,0.47529471395831346,10.35,LOW,0,NO MODEL DETECTION,NO IMMEDIATE ACTION
E000423,U010,2026-03-07 14:05:00,login,2.1,0.0,0,47.529471395831344,0,0.021,0.0,0.47529471395831346,10.35,LOW,0,NO MODEL DETECTION,NO IMMEDIATE ACTION
E000074,U015,2026-03-03 02:31:00,login,2.1,0.0,0,47.529471395831344,0,0.021,0.0,0.47529471395831346,10.35,LOW,0,NO MODEL DETECTION,NO IMMEDIATE ACTION
E000164,U006,2026-03-04 02:15:00,login,2.1,0.0,0,47.529471395831344,0,0.021,0.0,0.47529471395831346,10.35,LOW,0,NO MODEL DETECTION,NO IMMEDIATE ACTION
E000723,U003,2026-03-11 14:39:00,login,2.1,0.0,0,47.529471395831344,0,0.021,0.0,0.47529471395831346,10.35,LOW,0,NO MODEL DETECTION,NO IMMEDIATE ACTION
E000661,U006,2026-03-11 02:05:00,login,2.1,0.0,0,47.529471395831344,0,0.021,0.0,0.47529471395831346,10.35,LOW,0,NO MODEL DETECTION,NO IMMEDIATE ACTION
E000139,U010,2026-03-03 14:19:00,login,2.1,0.0,0,47.529471395831344,0,0.021,0.0,0.47529471395831346,10.35,LOW,0,NO MODEL DETECTION,NO IMMEDIATE ACTION
E000073,U019,2026-03-03 02:17:00,login,2.1,0.0,0,47.529471395831344,0,0.021,0.0,0.47529471395831346,10.35,LOW,0,NO MODEL DETECTION,NO IMMEDIATE ACTION
E000375,U015,2026-03-07 02:11:00,login,2.1,0.0,0,47.529471395831344,0,0.021,0.0,0.47529471395831346,10.35,LOW,0,NO MODEL DETECTION,NO IMMEDIATE ACTION
E000443,U015,2026-03-08 02:20:00,login,2.1,0.0,0,47.529471395831344,0,0.021,0.0,0.47529471395831346,10.35,LOW,0,NO MODEL DETECTION,NO IMMEDIATE ACTION
E000212,U005,2026-03-04 14:42:00,login,2.1,0.0,0,47.529471395831344,0,0.021,0.0,0.47529471395831346,10.35,LOW,0,NO MODEL DETECTION,NO IMMEDIATE ACTION
E000459,U001,2026-03-08 07:57:00,login,6.0,0.0,0,36.87150867763505,0,0.06,0.0,0.3687150867763505,9.77,LOW,0,NO MODEL DETECTION,NO IMMEDIATE ACTION
E000387,U007,2026-03-07 08:43:00,login,6.0,0.0,0,36.87150867763505,0,0.06,0.0,0.3687150867763505,9.77,LOW,0,NO MODEL DETECTION,NO IMMEDIATE ACTION
E000603,U002,2026-03-10 07:59:00,login,6.0,0.0,0,36.87150867763505,0,0.06,0.0,0.3687150867763505,9.77,LOW,0,NO MODEL DETECTION,NO IMMEDIATE ACTION
E000255,U001,2026-03-05 09:34:00,login,6.0,0.0,0,36.87150867763505,0,0.06,0.0,0.3687150867763505,9.77,LOW,0,NO MODEL DETECTION,NO IMMEDIATE ACTION
E000602,U004,2026-03-10 07:51:00,login,6.0,0.0,0,36.87150867763505,0,0.06,0.0,0.3687150867763505,9.77,LOW,0,NO MODEL DETECTION,NO IMMEDIATE ACTION
E000017,U016,2026-03-02 08:02:00,login,6.0,0.0,0,36.87150867763505,0,0.06,0.0,0.3687150867763505,9.77,LOW,0,NO MODEL DETECTION,NO IMMEDIATE ACTION
E000682,U009,2026-03-11 08:00:00,login,6.0,0.0,0,36.87150867763505,0,0.06,0.0,0.3687150867763505,9.77,LOW,0,NO MODEL DETECTION,NO IMMEDIATE ACTION
E000178,U016,2026-03-04 08:36:00,login,6.0,0.0,0,36.87150867763505,0,0.06,0.0,0.3687150867763505,9.77,LOW,0,NO MODEL DETECTION,NO IMMEDIATE ACTION
E000385,U016,2026-03-07 08:33:00,login,6.0,0.0,0,36.87150867763505,0,0.06,0.0,0.3687150867763505,9.77,LOW,0,NO MODEL DETECTION,NO IMMEDIATE ACTION
E000475,U016,2026-03-08 10:08:00,login,6.0,0.0,0,36.87150867763505,0,0.06,0.0,0.3687150867763505,9.77,LOW,0,NO MODEL DETECTION,NO IMMEDIATE ACTION
E000548,U016,2026-03-09 10:42:00,login,6.0,0.0,0,36.87150867763505,0,0.06,0.0,0.3687150867763505,9.77,LOW,0,NO MODEL DETECTION,NO IMMEDIATE ACTION
E000609,U016,2026-03-10 08:32:00,login,6.0,0.0,0,36.87150867763505,0,0.06,0.0,0.3687150867763505,9.77,LOW,0,NO MODEL DETECTION,NO IMMEDIATE ACTION
E000457,U002,2026-03-08 07:45:00,login,6.0,0.0,0,36.87150867763505,0,0.06,0.0,0.3687150867763505,9.77,LOW,0,NO MODEL DETECTION,NO IMMEDIATE ACTION
E000683,U016,2026-03-11 08:35:00,login,6.0,0.0,0,36.87150867763505,0,0.06,0.0,0.3687150867763505,9.77,LOW,0,NO MODEL DETECTION,NO IMMEDIATE ACTION
E000313,U002,2026-03-06 07:19:00,login,6.0,0.0,0,36.87150867763505,0,0.06,0.0,0.3687150867763505,9.77,LOW,0,NO MODEL DETECTION,NO IMMEDIATE ACTION
E000175,U004,2026-03-04 07:58:00,login,6.0,0.0,0,36.87150867763505,0,0.06,0.0,0.3687150867763505,9.77,LOW,0,NO MODEL DETECTION,NO IMMEDIATE ACTION
E000395,U017,2026-03-07 09:36:00,login,6.0,0.0,0,36.87150867763505,0,0.06,0.0,0.3687150867763505,9.77,LOW,0,NO MODEL DETECTION,NO IMMEDIATE ACTION
E000183,U018,2026-03-04 09:27:00,login,6.0,0.0,0,36.87150867763505,0,0.06,0.0,0.3687150867763505,9.77,LOW,0,NO MODEL DETECTION,NO IMMEDIATE ACTION
E000694,U004,2026-03-11 10:08:00,login,6.0,0.0,0,36.87150867763505,0,0.06,0.0,0.3687150867763505,9.77,LOW,0,NO MODEL DETECTION,NO IMMEDIATE ACTION
E000024,U018,2026-03-02 09:10:00,login,6.0,0.0,0,36.87150867763505,0,0.06,0.0,0.3687150867763505,9.77,LOW,0,NO MODEL DETECTION,NO IMMEDIATE ACTION
E000173,U002,2026-03-04 07:18:00,login,6.0,0.0,0,36.87150867763505,0,0.06,0.0,0.3687150867763505,9.77,LOW,0,NO MODEL DETECTION,NO IMMEDIATE ACTION
E000614,U018,2026-03-10 09:09:00,login,6.0,0.0,0,36.87150867763505,0,0.06,0.0,0.3687150867763505,9.77,LOW,0,NO MODEL DETECTION,NO IMMEDIATE ACTION
E000246,U011,2026-03-05 07:38:00,login,6.0,0.0,0,36.87150867763505,0,0.06,0.0,0.3687150867763505,9.77,LOW,0,NO MODEL DETECTION,NO IMMEDIATE ACTION
E000116,U017,2026-03-03 09:49:00,login,6.0,0.0,0,36.87150867763505,0,0.06,0.0,0.3687150867763505,9.77,LOW,0,NO MODEL DETECTION,NO IMMEDIATE ACTION
E000527,U011,2026-03-09 07:13:00,login,6.0,0.0,0,36.87150867763505,0,0.06,0.0,0.3687150867763505,9.77,LOW,0,NO MODEL DETECTION,NO IMMEDIATE ACTION
E000189,U017,2026-03-04 09:59:00,login,6.0,0.0,0,36.87150867763505,0,0.06,0.0,0.3687150867763505,9.77,LOW,0,NO MODEL DETECTION,NO IMMEDIATE ACTION
E000688,U018,2026-03-11 09:30:00,login,6.0,0.0,0,36.87150867763505,0,0.06,0.0,0.3687150867763505,9.77,LOW,0,NO MODEL DETECTION,NO IMMEDIATE ACTION
E000531,U009,2026-03-09 08:10:00,login,6.0,0.0,0,36.87150867763505,0,0.06,0.0,0.3687150867763505,9.77,LOW,0,NO MODEL DETECTION,NO IMMEDIATE ACTION
E000456,U004,2026-03-08 07:44:00,login,6.0,0.0,0,36.87150867763505,0,0.06,0.0,0.3687150867763505,9.77,LOW,0,NO MODEL DETECTION,NO IMMEDIATE ACTION
E000174,U011,2026-03-04 07:57:00,login,6.0,0.0,0,36.87150867763505,0,0.06,0.0,0.3687150867763505,9.77,LOW,0,NO MODEL DETECTION,NO IMMEDIATE ACTION
E000463,U014,2026-03-08 08:45:00,login,6.0,0.0,0,36.87150867763505,0,0.06,0.0,0.3687150867763505,9.77,LOW,0,NO MODEL DETECTION,NO IMMEDIATE ACTION
E000360,U008,2026-03-06 15:59:00,transaction,4.5,0.0,0,34.06114428205439,0,0.045,0.0,0.34061144282054395,8.61,LOW,0,NO MODEL DETECTION,NO IMMEDIATE ACTION
E000109,U016,2026-03-03 09:28:00,transaction,4.5,0.0,0,34.06114428205439,0,0.045,0.0,0.34061144282054395,8.61,LOW,0,NO MODEL DETECTION,NO IMMEDIATE ACTION
E000630,U016,2026-03-10 10:48:00,transaction,4.5,0.0,0,34.06114428205439,0,0.045,0.0,0.34061144282054395,8.61,LOW,0,NO MODEL DETECTION,NO IMMEDIATE ACTION
E000634,U002,2026-03-10 10:59:00,transaction,4.5,0.0,0,34.06114428205439,0,0.045,0.0,0.34061144282054395,8.61,LOW,0,NO MODEL DETECTION,NO IMMEDIATE ACTION
E000150,U003,2026-03-03 16:40:00,transaction,4.5,0.0,0,34.06114428205439,0,0.045,0.0,0.34061144282054395,8.61,LOW,0,NO MODEL DETECTION,NO IMMEDIATE ACTION
E000553,U018,2026-03-09 11:37:00,transaction,4.5,0.0,0,34.06114428205439,0,0.045,0.0,0.34061144282054395,8.61,LOW,0,NO MODEL DETECTION,NO IMMEDIATE ACTION
E000499,U008,2026-03-08 15:14:00,transaction,4.5,0.0,0,34.06114428205439,0,0.045,0.0,0.34061144282054395,8.61,LOW,0,NO MODEL DETECTION,NO IMMEDIATE ACTION
E000636,U018,2026-03-10 11:04:00,transaction,4.5,0.0,0,34.06114428205439,0,0.045,0.0,0.34061144282054395,8.61,LOW,0,NO MODEL DETECTION,NO IMMEDIATE ACTION
E000480,U014,2026-03-08 10:46:00,transaction,4.5,0.0,0,34.06114428205439,0,0.045,0.0,0.34061144282054395,8.61,LOW,0,NO MODEL DETECTION,NO IMMEDIATE ACTION
E000088,U019,2026-03-03 03:56:00,transaction,4.5,0.0,0,34.06114428205439,0,0.045,0.0,0.34061144282054395,8.61,LOW,0,NO MODEL DETECTION,NO IMMEDIATE ACTION
E000532,U004,2026-03-09 08:12:00,transaction,4.5,0.0,0,34.06114428205439,0,0.045,0.0,0.34061144282054395,8.61,LOW,0,NO MODEL DETECTION,NO IMMEDIATE ACTION
E000458,U004,2026-03-08 07:55:00,transaction,4.5,0.0,0,34.06114428205439,0,0.045,0.0,0.34061144282054395,8.61,LOW,0,NO MODEL DETECTION,NO IMMEDIATE ACTION
E000210,U003,2026-03-04 14:39:00,transaction,4.5,0.0,0,34.06114428205439,0,0.045,0.0,0.34061144282054395,8.61,LOW,0,NO MODEL DETECTION,NO IMMEDIATE ACTION
E000329,U004,2026-03-06 10:54:00,transaction,4.5,0.0,0,34.06114428205439,0,0.045,0.0,0.34061144282054395,8.61,LOW,0,NO MODEL DETECTION,NO IMMEDIATE ACTION
E000294,U008,2026-03-05 16:48:00,transaction,4.5,0.0,0,34.06114428205439,0,0.045,0.0,0.34061144282054395,8.61,LOW,0,NO MODEL DETECTION,NO IMMEDIATE ACTION
E000547,U014,2026-03-09 10:32:00,transaction,4.5,0.0,0,34.06114428205439,0,0.045,0.0,0.34061144282054395,8.61,LOW,0,NO MODEL DETECTION,NO IMMEDIATE ACTION
E000094,U012,2026-03-03 05:40:00,transaction,4.5,0.0,0,34.06114428205439,0,0.045,0.0,0.34061144282054395,8.61,LOW,0,NO MODEL DETECTION,NO IMMEDIATE ACTION
E000435,U020,2026-03-07 15:59:00,transaction,4.5,0.0,0,34.06114428205439,0,0.045,0.0,0.34061144282054395,8.61,LOW,0,NO MODEL DETECTION,NO IMMEDIATE ACTION
E000520,U015,2026-03-09 03:43:00,transaction,4.5,0.0,0,34.06114428205439,0,0.045,0.0,0.34061144282054395,8.61,LOW,0,NO MODEL DETECTION,NO IMMEDIATE ACTION
E000016,U013,2026-03-02 05:20:00,transaction,4.5,0.0,0,34.06114428205439,0,0.045,0.0,0.34061144282054395,8.61,LOW,0,NO MODEL DETECTION,NO IMMEDIATE ACTION
E000138,U008,2026-03-03 14:16:00,transaction,4.5,0.0,0,34.06114428205439,0,0.045,0.0,0.34061144282054395,8.61,LOW,0,NO MODEL DETECTION,NO IMMEDIATE ACTION
E000304,U012,2026-03-06 02:59:00,transaction,4.5,0.0,0,34.06114428205439,0,0.045,0.0,0.34061144282054395,8.61,LOW,0,NO MODEL DETECTION,NO IMMEDIATE ACTION
E000576,U003,2026-03-09 15:59:00,transaction,4.5,0.0,0,34.06114428205439,0,0.045,0.0,0.34061144282054395,8.61,LOW,0,NO MODEL DETECTION,NO IMMEDIATE ACTION
E000196,U007,2026-03-04 10:44:00,transaction,4.5,0.0,0,34.06114428205439,0,0.045,0.0,0.34061144282054395,8.61,LOW,0,NO MODEL DETECTION,NO IMMEDIATE ACTION
E000573,U008,2026-03-09 15:38:00,transaction,4.5,0.0,0,34.06114428205439,0,0.045,0.0,0.34061144282054395,8.61,LOW,0,NO MODEL DETECTION,NO IMMEDIATE ACTION
E000452,U013,2026-03-08 04:36:00,transaction,4.5,0.0,0,34.06114428205439,0,0.045,0.0,0.34061144282054395,8.61,LOW,0,NO MODEL DETECTION,NO IMMEDIATE ACTION
E000418,U018,2026-03-07 12:23:00,transaction,4.5,0.0,0,34.06114428205439,0,0.045,0.0,0.34061144282054395,8.61,LOW,0,NO MODEL DETECTION,NO IMMEDIATE ACTION
E000648,U008,2026-03-10 14:43:00,transaction,4.5,0.0,0,34.06114428205439,0,0.045,0.0,0.34061144282054395,8.61,LOW,0,NO MODEL DETECTION,NO IMMEDIATE ACTION
E000120,U004,2026-03-03 10:10:00,transaction,4.5,0.0,0,34.06114428205439,0,0.045,0.0,0.34061144282054395,8.61,LOW,0,NO MODEL DETECTION,NO IMMEDIATE ACTION
E000052,U007,2026-03-02 12:14:00,transaction,4.5,0.0,0,34.06114428205439,0,0.045,0.0,0.34061144282054395,8.61,LOW,0,NO MODEL DETECTION,NO IMMEDIATE ACTION
E000312,U013,2026-03-06 04:53:00,transaction,4.5,0.0,0,34.06114428205439,0,0.045,0.0,0.34061144282054395,8.61,LOW,0,NO MODEL DETECTION,NO IMMEDIATE ACTION
E000099,U002,2026-03-03 08:43:00,transaction,4.5,0.0,0,34.06114428205439,0,0.045,0.0,0.34061144282054395,8.61,LOW,0,NO MODEL DETECTION,NO IMMEDIATE ACTION
E000539,U007,2026-03-09 09:03:00,transaction,4.5,0.0,0,34.06114428205439,0,0.045,0.0,0.34061144282054395,8.61,LOW,0,NO MODEL DETECTION,NO IMMEDIATE ACTION
E000190,U002,2026-03-04 10:04:00,transaction,4.5,0.0,0,34.06114428205439,0,0.045,0.0,0.34061144282054395,8.61,LOW,0,NO MODEL DETECTION,NO IMMEDIATE ACTION
E000706,U009,2026-03-11 10:53:00,transaction,4.5,0.0,0,34.06114428205439,0,0.045,0.0,0.34061144282054395,8.61,LOW,0,NO MODEL DETECTION,NO IMMEDIATE ACTION
E000014,U012,2026-03-02 04:14:00,transaction,4.5,0.0,0,34.06114428205439,0,0.045,0.0,0.34061144282054395,8.61,LOW,0,NO MODEL DETECTION,NO IMMEDIATE ACTION
E000263,U004,2026-03-05 10:43:00,transaction,4.5,0.0,0,34.06114428205439,0,0.045,0.0,0.34061144282054395,8.61,LOW,0,NO MODEL DETECTION,NO IMMEDIATE ACTION
E000180,U004,2026-03-04 09:00:00,file_access,0.0,0.0,0,0.0,0,0.0,0.0,0.0,0.0,LOW,0,NO MODEL DETECTION,NO IMMEDIATE ACTION
E000181,U004,2026-03-04 09:00:00,file_access,0.0,0.0,0,0.0,0,0.0,0.0,0.0,0.0,LOW,0,NO MODEL DETECTION,NO IMMEDIATE ACTION
E000184,U004,2026-03-04 09:38:00,file_access,0.0,0.0,0,0.0,0,0.0,0.0,0.0,0.0,LOW,0,NO MODEL DETECTION,NO IMMEDIATE ACTION
E000247,U004,2026-03-05 08:15:00,login,0.0,0.0,0,0.0,0,0.0,0.0,0.0,0.0,LOW,0,NO MODEL DETECTION,NO IMMEDIATE ACTION
E000249,U004,2026-03-05 08:50:00,file_access,0.0,0.0,0,0.0,0,0.0,0.0,0.0,0.0,LOW,0,NO MODEL DETECTION,NO IMMEDIATE ACTION
E000251,U004,2026-03-05 09:16:00,file_access,0.0,0.0,0,0.0,0,0.0,0.0,0.0,0.0,LOW,0,NO MODEL DETECTION,NO IMMEDIATE ACTION
E000317,U004,2026-03-06 08:45:00,login,0.0,0.0,0,0.0,0,0.0,0.0,0.0,0.0,LOW,0,NO MODEL DETECTION,NO IMMEDIATE ACTION
E000318,U004,2026-03-06 08:58:00,file_access,0.0,0.0,0,0.0,0,0.0,0.0,0.0,0.0,LOW,0,NO MODEL DETECTION,NO IMMEDIATE ACTION
E000472,U004,2026-03-08 09:38:00,file_access,0.0,0.0,0,0.0,0,0.0,0.0,0.0,0.0,LOW,0,NO MODEL DETECTION,NO IMMEDIATE ACTION
E000530,U004,2026-03-09 08:06:00,file_access,0.0,0.0,0,0.0,0,0.0,0.0,0.0,0.0,LOW,0,NO MODEL DETECTION,NO IMMEDIATE ACTION
E000534,U004,2026-03-09 08:40:00,file_access,0.0,0.0,0,0.0,0,0.0,0.0,0.0,0.0,LOW,0,NO MODEL DETECTION,NO IMMEDIATE ACTION
E000605,U004,2026-03-10 08:12:00,file_access,0.0,0.0,0,0.0,0,0.0,0.0,0.0,0.0,LOW,0,NO MODEL DETECTION,NO IMMEDIATE ACTION
E000616,U004,2026-03-10 09:28:00,file_access,0.0,0.0,0,0.0,0,0.0,0.0,0.0,0.0,LOW,0,NO MODEL DETECTION,NO IMMEDIATE ACTION
E000618,U004,2026-03-10 09:41:00,transaction,0.0,0.0,0,0.0,0,0.0,0.0,0.0,0.0,LOW,0,NO MODEL DETECTION,NO IMMEDIATE ACTION
E000704,U004,2026-03-11 10:36:00,file_access,0.0,0.0,0,0.0,0,0.0,0.0,0.0,0.0,LOW,0,NO MODEL DETECTION,NO IMMEDIATE ACTION
E000710,U004,2026-03-11 11:01:00,file_access,0.0,0.0,0,0.0,0,0.0,0.0,0.0,0.0,LOW,0,NO MODEL DETECTION,NO IMMEDIATE ACTION
E000714,U004,2026-03-11 11:44:00,transaction,0.0,0.0,0,0.0,0,0.0,0.0,0.0,0.0,LOW,0,NO MODEL DETECTION,NO IMMEDIATE ACTION
E000064,U005,2026-03-02 15:30:00,file_access,0.0,0.0,0,0.0,0,0.0,0.0,0.0,0.0,LOW,0,NO MODEL DETECTION,NO IMMEDIATE ACTION
E000067,U005,2026-03-02 15:58:00,file_access,0.0,0.0,0,0.0,0,0.0,0.0,0.0,0.0,LOW,0,NO MODEL DETECTION,NO IMMEDIATE ACTION
E000069,U005,2026-03-02 16:32:00,transaction,0.0,0.0,0,0.0,0,0.0,0.0,0.0,0.0,LOW,0,NO MODEL DETECTION,NO IMMEDIATE ACTION
E000137,U005,2026-03-03 13:56:00,transaction,0.0,0.0,0,0.0,0,0.0,0.0,0.0,0.0,LOW,0,NO MODEL DETECTION,NO IMMEDIATE ACTION
E000147,U005,2026-03-03 15:22:00,file_access,0.0,0.0,0,0.0,0,0.0,0.0,0.0,0.0,LOW,0,NO MODEL DETECTION,NO IMMEDIATE ACTION
E000219,U005,2026-03-04 15:59:00,file_access,0.0,0.0,0,0.0,0,0.0,0.0,0.0,0.0,LOW,0,NO MODEL DETECTION,NO IMMEDIATE ACTION
E000221,U005,2026-03-04 16:26:00,transaction,0.0,0.0,0,0.0,0,0.0,0.0,0.0,0.0,LOW,0,NO MODEL DETECTION,NO IMMEDIATE ACTION
E000281,U005,2026-03-05 14:29:00,file_access,0.0,0.0,0,0.0,0,0.0,0.0,0.0,0.0,LOW,0,NO MODEL DETECTION,NO IMMEDIATE ACTION
E000341,U005,2026-03-06 13:14:00,file_access,0.0,0.0,0,0.0,0,0.0,0.0,0.0,0.0,LOW,0,NO MODEL DETECTION,NO IMMEDIATE ACTION
E000346,U005,2026-03-06 14:01:00,file_access,0.0,0.0,0,0.0,0,0.0,0.0,0.0,0.0,LOW,0,NO MODEL DETECTION,NO IMMEDIATE ACTION
E000354,U005,2026-03-06 14:37:00,file_access,0.0,0.0,0,0.0,0,0.0,0.0,0.0,0.0,LOW,0,NO MODEL DETECTION,NO IMMEDIATE ACTION
E000362,U005,2026-03-06 16:12:00,transaction,0.0,0.0,0,0.0,0,0.0,0.0,0.0,0.0,LOW,0,NO MODEL DETECTION,NO IMMEDIATE ACTION
E000431,U005,2026-03-07 15:27:00,transaction,0.0,0.0,0,0.0,0,0.0,0.0,0.0,0.0,LOW,0,NO MODEL DETECTION,NO IMMEDIATE ACTION
E000432,U005,2026-03-07 15:37:00,file_access,0.0,0.0,0,0.0,0,0.0,0.0,0.0,0.0,LOW,0,NO MODEL DETECTION,NO IMMEDIATE ACTION
E000433,U005,2026-03-07 15:42:00,file_access,0.0,0.0,0,0.0,0,0.0,0.0,0.0,0.0,LOW,0,NO MODEL DETECTION,NO IMMEDIATE ACTION
E000492,U005,2026-03-08 14:20:00,file_access,0.0,0.0,0,0.0,0,0.0,0.0,0.0,0.0,LOW,0,NO MODEL DETECTION,NO IMMEDIATE ACTION
E000494,U005,2026-03-08 14:32:00,file_access,0.0,0.0,0,0.0,0,0.0,0.0,0.0,0.0,LOW,0,NO MODEL DETECTION,NO IMMEDIATE ACTION
E000500,U005,2026-03-08 15:22:00,file_access,0.0,0.0,0,0.0,0,0.0,0.0,0.0,0.0,LOW,0,NO MODEL DETECTION,NO IMMEDIATE ACTION
E000501,U005,2026-03-08 15:33:00,transaction,0.0,0.0,0,0.0,0,0.0,0.0,0.0,0.0,LOW,0,NO MODEL DETECTION,NO IMMEDIATE ACTION
E000567,U005,2026-03-09 15:17:00,file_access,0.0,0.0,0,0.0,0,0.0,0.0,0.0,0.0,LOW,0,NO MODEL DETECTION,NO IMMEDIATE ACTION
E000570,U005,2026-03-09 15:29:00,transaction,0.0,0.0,0,0.0,0,0.0,0.0,0.0,0.0,LOW,0,NO MODEL DETECTION,NO IMMEDIATE ACTION
E000577,U005,2026-03-09 16:01:00,file_access,0.0,0.0,0,0.0,0,0.0,0.0,0.0,0.0,LOW,0,NO MODEL DETECTION,NO IMMEDIATE ACTION
E000579,U005,2026-03-09 16:05:00,file_access,0.0,0.0,0,0.0,0,0.0,0.0,0.0,0.0,LOW,0,NO MODEL DETECTION,NO IMMEDIATE ACTION
E000651,U005,2026-03-10 15:09:00,file_access,0.0,0.0,0,0.0,0,0.0,0.0,0.0,0.0,LOW,0,NO MODEL DETECTION,NO IMMEDIATE ACTION
E000652,U005,2026-03-10 15:15:00,transaction,0.0,0.0,0,0.0,0,0.0,0.0,0.0,0.0,LOW,0,NO MODEL DETECTION,NO IMMEDIATE ACTION
E000725,U005,2026-03-11 14:43:00,file_access,0.0,0.0,0,0.0,0,0.0,0.0,0.0,0.0,LOW,0,NO MODEL DETECTION,NO IMMEDIATE ACTION
E000727,U005,2026-03-11 14:59:00,file_access,0.0,0.0,0,0.0,0,0.0,0.0,0.0,0.0,LOW,0,NO MODEL DETECTION,NO IMMEDIATE ACTION
E000729,U005,2026-03-11 15:31:00,transaction,0.0,0.0,0,0.0,0,0.0,0.0,0.0,0.0,LOW,0,NO MODEL DETECTION,NO IMMEDIATE ACTION
E000008,U006,2026-03-02 02:42:00,file_access,0.0,0.0,0,0.0,0,0.0,0.0,0.0,0.0,LOW,0,NO MODEL DETECTION,NO IMMEDIATE ACTION
E000077,U006,2026-03-03 03:01:00,file_access,0.0,0.0,0,0.0,0,0.0,0.0,0.0,0.0,LOW,0,NO MODEL DETECTION,NO IMMEDIATE ACTION
E000085,U006,2026-03-03 03:47:00,file_access,0.0,0.0,0,0.0,0,0.0,0.0,0.0,0.0,LOW,0,NO MODEL DETECTION,NO IMMEDIATE ACTION
E000171,U006,2026-03-04 03:20:00,file_access,0.0,0.0,0,0.0,0,0.0,0.0,0.0,0.0,LOW,0,NO MODEL DETECTION,NO IMMEDIATE ACTION
E000172,U006,2026-03-04 03:44:00,file_access,0.0,0.0,0,0.0,0,0.0,0.0,0.0,0.0,LOW,0,NO MODEL DETECTION,NO IMMEDIATE ACTION
E000232,U006,2026-03-05 02:59:00,file_access,0.0,0.0,0,0.0,0,0.0,0.0,0.0,0.0,LOW,0,NO MODEL DETECTION,NO IMMEDIATE ACTION
E000237,U006,2026-03-05 03:25:00,file_access,0.0,0.0,0,0.0,0,0.0,0.0,0.0,0.0,LOW,0,NO MODEL DETECTION,NO IMMEDIATE ACTION
E000242,U006,2026-03-05 03:59:00,file_access,0.0,0.0,0,0.0,0,0.0,0.0,0.0,0.0,LOW,0,NO MODEL DETECTION,NO IMMEDIATE ACTION
E000244,U006,2026-03-05 04:49:00,transaction,0.0,0.0,0,0.0,0,0.0,0.0,0.0,0.0,LOW,0,NO MODEL DETECTION,NO IMMEDIATE ACTION
E000301,U006,2026-03-06 02:27:00,file_access,0.0,0.0,0,0.0,0,0.0,0.0,0.0,0.0,LOW,0,NO MODEL DETECTION,NO IMMEDIATE ACTION
E000306,U006,2026-03-06 03:29:00,file_access,0.0,0.0,0,0.0,0,0.0,0.0,0.0,0.0,LOW,0,NO MODEL DETECTION,NO IMMEDIATE ACTION
E000368,U006,2026-03-07 01:19:00,transaction,0.0,0.0,0,0.0,0,0.0,0.0,0.0,0.0,LOW,0,NO MODEL DETECTION,NO IMMEDIATE ACTION
E000371,U006,2026-03-07 01:48:00,file_access,0.0,0.0,0,0.0,0,0.0,0.0,0.0,0.0,LOW,0,NO MODEL DETECTION,NO IMMEDIATE ACTION
E000439,U006,2026-03-08 01:21:00,file_access,0.0,0.0,0,0.0,0,0.0,0.0,0.0,0.0,LOW,0,NO MODEL DETECTION,NO IMMEDIATE ACTION
E000441,U006,2026-03-08 01:45:00,file_access,0.0,0.0,0,0.0,0,0.0,0.0,0.0,0.0,LOW,0,NO MODEL DETECTION,NO IMMEDIATE ACTION
E000444,U006,2026-03-08 02:29:00,file_access,0.0,0.0,0,0.0,0,0.0,0.0,0.0,0.0,LOW,0,NO MODEL DETECTION,NO IMMEDIATE ACTION
E000510,U006,2026-03-09 01:37:00,transaction,0.0,0.0,0,0.0,0,0.0,0.0,0.0,0.0,LOW,0,NO MODEL DETECTION,NO IMMEDIATE ACTION
E000513,U006,2026-03-09 01:48:00,file_access,0.0,0.0,0,0.0,0,0.0,0.0,0.0,0.0,LOW,0,NO MODEL DETECTION,NO IMMEDIATE ACTION
E000584,U006,2026-03-10 02:07:00,file_access,0.0,0.0,0,0.0,0,0.0,0.0,0.0,0.0,LOW,0,NO MODEL DETECTION,NO IMMEDIATE ACTION
E000665,U006,2026-03-11 02:25:00,file_access,0.0,0.0,0,0.0,0,0.0,0.0,0.0,0.0,LOW,0,NO MODEL DETECTION,NO IMMEDIATE ACTION
E000029,U007,2026-03-02 09:28:00,login,0.0,0.0,0,0.0,0,0.0,0.0,0.0,0.0,LOW,0,NO MODEL DETECTION,NO IMMEDIATE ACTION
E000036,U007,2026-03-02 10:11:00,file_access,0.0,0.0,0,0.0,0,0.0,0.0,0.0,0.0,LOW,0,NO MODEL DETECTION,NO IMMEDIATE ACTION
E000041,U007,2026-03-02 10:27:00,file_access,0.0,0.0,0,0.0,0,0.0,0.0,0.0,0.0,LOW,0,NO MODEL DETECTION,NO IMMEDIATE ACTION
E000103,U007,2026-03-03 09:16:00,login,0.0,0.0,0,0.0,0,0.0,0.0,0.0,0.0,LOW,0,NO MODEL DETECTION,NO IMMEDIATE ACTION
E000111,U007,2026-03-03 09:31:00,file_access,0.0,0.0,0,0.0,0,0.0,0.0,0.0,0.0,LOW,0,NO MODEL DETECTION,NO IMMEDIATE ACTION
E000114,U007,2026-03-03 09:41:00,file_access,0.0,0.0,0,0.0,0,0.0,0.0,0.0,0.0,LOW,0,NO MODEL DETECTION,NO IMMEDIATE ACTION
E000115,U007,2026-03-03 09:43:00,file_access,0.0,0.0,0,0.0,0,0.0,0.0,0.0,0.0,LOW,0,NO MODEL DETECTION,NO IMMEDIATE ACTION
E000132,U007,2026-03-03 11:58:00,transaction,0.0,0.0,0,0.0,0,0.0,0.0,0.0,0.0,LOW,0,NO MODEL DETECTION,NO IMMEDIATE ACTION
E000185,U007,2026-03-04 09:44:00,login,0.0,0.0,0,0.0,0,0.0,0.0,0.0,0.0,LOW,0,NO MODEL DETECTION,NO IMMEDIATE ACTION
E000187,U007,2026-03-04 09:58:00,file_access,0.0,0.0,0,0.0,0,0.0,0.0,0.0,0.0,LOW,0,NO MODEL DETECTION,NO IMMEDIATE ACTION
E000192,U007,2026-03-04 10:22:00,file_access,0.0,0.0,0,0.0,0,0.0,0.0,0.0,0.0,LOW,0,NO MODEL DETECTION,NO IMMEDIATE ACTION
E000252,U007,2026-03-05 09:17:00,login,0.0,0.0,0,0.0,0,0.0,0.0,0.0,0.0,LOW,0,NO MODEL DETECTION,NO IMMEDIATE ACTION
E000254,U007,2026-03-05 09:31:00,file_access,0.0,0.0,0,0.0,0,0.0,0.0,0.0,0.0,LOW,0,NO MODEL DETECTION,NO IMMEDIATE ACTION
E000273,U007,2026-03-05 11:59:00,transaction,0.0,0.0,0,0.0,0,0.0,0.0,0.0,0.0,LOW,0,NO MODEL DETECTION,NO IMMEDIATE ACTION
E000322,U007,2026-03-06 09:29:00,login,0.0,0.0,0,0.0,0,0.0,0.0,0.0,0.0,LOW,0,NO MODEL DETECTION,NO IMMEDIATE ACTION
E000324,U007,2026-03-06 10:08:00,file_access,0.0,0.0,0,0.0,0,0.0,0.0,0.0,0.0,LOW,0,NO MODEL DETECTION,NO IMMEDIATE ACTION
E000325,U007,2026-03-06 10:12:00,file_access,0.0,0.0,0,0.0,0,0.0,0.0,0.0,0.0,LOW,0,NO MODEL DETECTION,NO IMMEDIATE ACTION
E000326,U007,2026-03-06 10:37:00,file_access,0.0,0.0,0,0.0,0,0.0,0.0,0.0,0.0,LOW,0,NO MODEL DETECTION,NO IMMEDIATE ACTION
E000334,U007,2026-03-06 11:29:00,transaction,0.0,0.0,0,0.0,0,0.0,0.0,0.0,0.0,LOW,0,NO MODEL DETECTION,NO IMMEDIATE ACTION
E000396,U007,2026-03-07 09:48:00,file_access,0.0,0.0,0,0.0,0,0.0,0.0,0.0,0.0,LOW,0,NO MODEL DETECTION,NO IMMEDIATE ACTION
E000402,U007,2026-03-07 10:01:00,file_access,0.0,0.0,0,0.0,0,0.0,0.0,0.0,0.0,LOW,0,NO MODEL DETECTION,NO IMMEDIATE ACTION
E000403,U007,2026-03-07 10:03:00,file_access,0.0,0.0,0,0.0,0,0.0,0.0,0.0,0.0,LOW,0,NO MODEL DETECTION,NO IMMEDIATE ACTION
E000470,U007,2026-03-08 09:37:00,login,0.0,0.0,0,0.0,0,0.0,0.0,0.0,0.0,LOW,0,NO MODEL DETECTION,NO IMMEDIATE ACTION
E000473,U007,2026-03-08 09:53:00,file_access,0.0,0.0,0,0.0,0,0.0,0.0,0.0,0.0,LOW,0,NO MODEL DETECTION,NO IMMEDIATE ACTION
E000482,U007,2026-03-08 11:03:00,file_access,0.0,0.0,0,0.0,0,0.0,0.0,0.0,0.0,LOW,0,NO MODEL DETECTION,NO IMMEDIATE ACTION
E000483,U007,2026-03-08 11:09:00,transaction,0.0,0.0,0,0.0,0,0.0,0.0,0.0,0.0,LOW,0,NO MODEL DETECTION,NO IMMEDIATE ACTION
E000529,U007,2026-03-09 07:40:00,file_access,0.0,0.0,0,0.0,0,0.0,0.0,0.0,0.0,LOW,0,NO MODEL DETECTION,NO IMMEDIATE ACTION
E000538,U007,2026-03-09 09:00:00,file_access,0.0,0.0,0,0.0,0,0.0,0.0,0.0,0.0,LOW,0,NO MODEL DETECTION,NO IMMEDIATE ACTION
E000611,U007,2026-03-10 09:00:00,login,0.0,0.0,0,0.0,0,0.0,0.0,0.0,0.0,LOW,0,NO MODEL DETECTION,NO IMMEDIATE ACTION
E000621,U007,2026-03-10 09:57:00,file_access,0.0,0.0,0,0.0,0,0.0,0.0,0.0,0.0,LOW,0,NO MODEL DETECTION,NO IMMEDIATE ACTION
E000624,U007,2026-03-10 10:11:00,file_access,0.0,0.0,0,0.0,0,0.0,0.0,0.0,0.0,LOW,0,NO MODEL DETECTION,NO IMMEDIATE ACTION
E000632,U007,2026-03-10 10:56:00,file_access,0.0,0.0,0,0.0,0,0.0,0.0,0.0,0.0,LOW,0,NO MODEL DETECTION,NO IMMEDIATE ACTION
E000638,U007,2026-03-10 11:50:00,transaction,0.0,0.0,0,0.0,0,0.0,0.0,0.0,0.0,LOW,0,NO MODEL DETECTION,NO IMMEDIATE ACTION
E000693,U007,2026-03-11 09:59:00,login,0.0,0.0,0,0.0,0,0.0,0.0,0.0,0.0,LOW,0,NO MODEL DETECTION,NO IMMEDIATE ACTION
E000700,U007,2026-03-11 10:19:00,file_access,0.0,0.0,0,0.0,0,0.0,0.0,0.0,0.0,LOW,0,NO MODEL DETECTION,NO IMMEDIATE ACTION
E000708,U007,2026-03-11 11:00:00,file_access,0.0,0.0,0,0.0,0,0.0,0.0,0.0,0.0,LOW,0,NO MODEL DETECTION,NO IMMEDIATE ACTION
E000718,U007,2026-03-11 13:10:00,transaction,0.0,0.0,0,0.0,0,0.0,0.0,0.0,0.0,LOW,0,NO MODEL DETECTION,NO IMMEDIATE ACTION
E000056,U008,2026-03-02 14:26:00,login,0.0,0.0,0,0.0,0,0.0,0.0,0.0,0.0,LOW,0,NO MODEL DETECTION,NO IMMEDIATE ACTION
E000059,U008,2026-03-02 14:59:00,file_access,0.0,0.0,0,0.0,0,0.0,0.0,0.0,0.0,LOW,0,NO MODEL DETECTION,NO IMMEDIATE ACTION
E000061,U008,2026-03-02 15:06:00,transaction,0.0,0.0,0,0.0,0,0.0,0.0,0.0,0.0,LOW,0,NO MODEL DETECTION,NO IMMEDIATE ACTION
E000136,U008,2026-03-03 13:54:00,file_access,0.0,0.0,0,0.0,0,0.0,0.0,0.0,0.0,LOW,0,NO MODEL DETECTION,NO IMMEDIATE ACTION
E000143,U008,2026-03-03 14:53:00,file_access,0.0,0.0,0,0.0,0,0.0,0.0,0.0,0.0,LOW,0,NO MODEL DETECTION,NO IMMEDIATE ACTION
E000144,U008,2026-03-03 15:09:00,file_access,0.0,0.0,0,0.0,0,0.0,0.0,0.0,0.0,LOW,0,NO MODEL DETECTION,NO IMMEDIATE ACTION
E000206,U008,2026-03-04 13:48:00,file_access,0.0,0.0,0,0.0,0,0.0,0.0,0.0,0.0,LOW,0,NO MODEL DETECTION,NO IMMEDIATE ACTION
E000217,U008,2026-03-04 15:27:00,transaction,0.0,0.0,0,0.0,0,0.0,0.0,0.0,0.0,LOW,0,NO MODEL DETECTION,NO IMMEDIATE ACTION
E000279,U008,2026-03-05 14:19:00,login,0.0,0.0,0,0.0,0,0.0,0.0,0.0,0.0,LOW,0,NO MODEL DETECTION,NO IMMEDIATE ACTION
E000290,U008,2026-03-05 15:32:00,file_access,0.0,0.0,0,0.0,0,0.0,0.0,0.0,0.0,LOW,0,NO MODEL DETECTION,NO IMMEDIATE ACTION
E000291,U008,2026-03-05 15:38:00,file_access,0.0,0.0,0,0.0,0,0.0,0.0,0.0,0.0,LOW,0,NO MODEL DETECTION,NO IMMEDIATE ACTION
E000293,U008,2026-03-05 16:14:00,file_access,0.0,0.0,0,0.0,0,0.0,0.0,0.0,0.0,LOW,0,NO MODEL DETECTION,NO IMMEDIATE ACTION
E000349,U008,2026-03-06 14:22:00,file_access,0.0,0.0,0,0.0,0,0.0,0.0,0.0,0.0,LOW,0,NO MODEL DETECTION,NO IMMEDIATE ACTION
E000355,U008,2026-03-06 14:46:00,file_access,0.0,0.0,0,0.0,0,0.0,0.0,0.0,0.0,LOW,0,NO MODEL DETECTION,NO IMMEDIATE ACTION
E000356,U008,2026-03-06 14:47:00,file_access,0.0,0.0,0,0.0,0,0.0,0.0,0.0,0.0,LOW,0,NO MODEL DETECTION,NO IMMEDIATE ACTION
E000428,U008,2026-03-07 14:41:00,login,0.0,0.0,0,0.0,0,0.0,0.0,0.0,0.0,LOW,0,NO MODEL DETECTION,NO IMMEDIATE ACTION
E000434,U008,2026-03-07 15:49:00,file_access,0.0,0.0,0,0.0,0,0.0,0.0,0.0,0.0,LOW,0,NO MODEL DETECTION,NO IMMEDIATE ACTION
E000437,U008,2026-03-07 17:22:00,transaction,0.0,0.0,0,0.0,0,0.0,0.0,0.0,0.0,LOW,0,NO MODEL DETECTION,NO IMMEDIATE ACTION
E000493,U008,2026-03-08 14:28:00,login,0.0,0.0,0,0.0,0,0.0,0.0,0.0,0.0,LOW,0,NO MODEL DETECTION,NO IMMEDIATE ACTION
E000502,U008,2026-03-08 15:40:00,file_access,0.0,0.0,0,0.0,0,0.0,0.0,0.0,0.0,LOW,0,NO MODEL DETECTION,NO IMMEDIATE ACTION
E000561,U008,2026-03-09 14:04:00,login,0.0,0.0,0,0.0,0,0.0,0.0,0.0,0.0,LOW,0,NO MODEL DETECTION,NO IMMEDIATE ACTION
E000569,U008,2026-03-09 15:28:00,file_access,0.0,0.0,0,0.0,0,0.0,0.0,0.0,0.0,LOW,0,NO MODEL DETECTION,NO IMMEDIATE ACTION
E000575,U008,2026-03-09 15:49:00,file_access,0.0,0.0,0,0.0,0,0.0,0.0,0.0,0.0,LOW,0,NO MODEL DETECTION,NO IMMEDIATE ACTION
E000649,U008,2026-03-10 14:44:00,file_access,0.0,0.0,0,0.0,0,0.0,0.0,0.0,0.0,LOW,0,NO MODEL DETECTION,NO IMMEDIATE ACTION
E000650,U008,2026-03-10 14:56:00,file_access,0.0,0.0,0,0.0,0,0.0,0.0,0.0,0.0,LOW,0,NO MODEL DETECTION,NO IMMEDIATE ACTION
E000653,U008,2026-03-10 15:16:00,file_access,0.0,0.0,0,0.0,0,0.0,0.0,0.0,0.0,LOW,0,NO MODEL DETECTION,NO IMMEDIATE ACTION
E000719,U008,2026-03-11 13:30:00,transaction,0.0,0.0,0,0.0,0,0.0,0.0,0.0,0.0,LOW,0,NO MODEL DETECTION,NO IMMEDIATE ACTION
E000720,U008,2026-03-11 14:07:00,file_access,0.0,0.0,0,0.0,0,0.0,0.0,0.0,0.0,LOW,0,NO MODEL DETECTION,NO IMMEDIATE ACTION
E000724,U008,2026-03-11 14:41:00,file_access,0.0,0.0,0,0.0,0,0.0,0.0,0.0,0.0,LOW,0,NO MODEL DETECTION,NO IMMEDIATE ACTION
E000728,U008,2026-03-11 15:06:00,file_access,0.0,0.0,0,0.0,0,0.0,0.0,0.0,0.0,LOW,0,NO MODEL DETECTION,NO IMMEDIATE ACTION
E000040,U009,2026-03-02 10:26:00,login,0.0,0.0,0,0.0,0,0.0,0.0,0.0,0.0,LOW,0,NO MODEL DETECTION,NO IMMEDIATE ACTION
E000043,U009,2026-03-02 10:52:00,file_access,0.0,0.0,0,0.0,0,0.0,0.0,0.0,0.0,LOW,0,NO MODEL DETECTION,NO IMMEDIATE ACTION
E000048,U009,2026-03-02 11:37:00,transaction,0.0,0.0,0,0.0,0,0.0,0.0,0.0,0.0,LOW,0,NO MODEL DETECTION,NO IMMEDIATE ACTION
E000049,U009,2026-03-02 11:49:00,file_access,0.0,0.0,0,0.0,0,0.0,0.0,0.0,0.0,LOW,0,NO MODEL DETECTION,NO IMMEDIATE ACTION
E000050,U009,2026-03-02 11:58:00,file_access,0.0,0.0,0,0.0,0,0.0,0.0,0.0,0.0,LOW,0,NO MODEL DETECTION,NO IMMEDIATE ACTION
E000104,U009,2026-03-03 09:16:00,login,0.0,0.0,0,0.0,0,0.0,0.0,0.0,0.0,LOW,0,NO MODEL DETECTION,NO IMMEDIATE ACTION
E000118,U009,2026-03-03 09:53:00,file_access,0.0,0.0,0,0.0,0,0.0,0.0,0.0,0.0,LOW,0,NO MODEL DETECTION,NO IMMEDIATE ACTION
E000128,U009,2026-03-03 11:16:00,file_access,0.0,0.0,0,0.0,0,0.0,0.0,0.0,0.0,LOW,0,NO MODEL DETECTION,NO IMMEDIATE ACTION
E000193,U009,2026-03-04 10:22:00,login,0.0,0.0,0,0.0,0,0.0,0.0,0.0,0.0,LOW,0,NO MODEL DETECTION,NO IMMEDIATE ACTION
E000197,U009,2026-03-04 11:05:00,file_access,0.0,0.0,0,0.0,0,0.0,0.0,0.0,0.0,LOW,0,NO MODEL DETECTION,NO IMMEDIATE ACTION
E000201,U009,2026-03-04 11:55:00,file_access,0.0,0.0,0,0.0,0,0.0,0.0,0.0,0.0,LOW,0,NO MODEL DETECTION,NO IMMEDIATE ACTION
E000203,U009,2026-03-04 12:15:00,file_access,0.0,0.0,0,0.0,0,0.0,0.0,0.0,0.0,LOW,0,NO MODEL DETECTION,NO IMMEDIATE ACTION
E000259,U009,2026-03-05 10:06:00,login,0.0,0.0,0,0.0,0,0.0,0.0,0.0,0.0,LOW,0,NO MODEL DETECTION,NO IMMEDIATE ACTION
E000267,U009,2026-03-05 10:59:00,file_access,0.0,0.0,0,0.0,0,0.0,0.0,0.0,0.0,LOW,0,NO MODEL DETECTION,NO IMMEDIATE ACTION
E000276,U009,2026-03-05 13:15:00,transaction,0.0,0.0,0,0.0,0,0.0,0.0,0.0,0.0,LOW,0,NO MODEL DETECTION,NO IMMEDIATE ACTION
E000340,U009,2026-03-06 13:08:00,transaction,0.0,0.0,0,0.0,0,0.0,0.0,0.0,0.0,LOW,0,NO MODEL DETECTION,NO IMMEDIATE ACTION
E000342,U009,2026-03-06 13:22:00,file_access,0.0,0.0,0,0.0,0,0.0,0.0,0.0,0.0,LOW,0,NO MODEL DETECTION,NO IMMEDIATE ACTION
E000344,U009,2026-03-06 13:51:00,file_access,0.0,0.0,0,0.0,0,0.0,0.0,0.0,0.0,LOW,0,NO MODEL DETECTION,NO IMMEDIATE ACTION
E000345,U009,2026-03-06 13:55:00,file_access,0.0,0.0,0,0.0,0,0.0,0.0,0.0,0.0,LOW,0,NO MODEL DETECTION,NO IMMEDIATE ACTION
E000392,U009,2026-03-07 09:16:00,login,0.0,0.0,0,0.0,0,0.0,0.0,0.0,0.0,LOW,0,NO MODEL DETECTION,NO IMMEDIATE ACTION
E000400,U009,2026-03-07 10:00:00,file_access,0.0,0.0,0,0.0,0,0.0,0.0,0.0,0.0,LOW,0,NO MODEL DETECTION,NO IMMEDIATE ACTION
E000409,U009,2026-03-07 10:41:00,file_access,0.0,0.0,0,0.0,0,0.0,0.0,0.0,0.0,LOW,0,NO MODEL DETECTION,NO IMMEDIATE ACTION
E000412,U009,2026-03-07 10:57:00,file_access,0.0,0.0,0,0.0,0,0.0,0.0,0.0,0.0,LOW,0,NO MODEL DETECTION,NO IMMEDIATE ACTION
E000414,U009,2026-03-07 10:59:00,transaction,0.0,0.0,0,0.0,0,0.0,0.0,0.0,0.0,LOW,0,NO MODEL DETECTION,NO IMMEDIATE ACTION
E000467,U009,2026-03-08 09:26:00,login,0.0,0.0,0,0.0,0,0.0,0.0,0.0,0.0,LOW,0,NO MODEL DETECTION,NO IMMEDIATE ACTION
E000474,U009,2026-03-08 09:56:00,file_access,0.0,0.0,0,0.0,0,0.0,0.0,0.0,0.0,LOW,0,NO MODEL DETECTION,NO IMMEDIATE ACTION
E000541,U009,2026-03-09 09:50:00,file_access,0.0,0.0,0,0.0,0,0.0,0.0,0.0,0.0,LOW,0,NO MODEL DETECTION,NO IMMEDIATE ACTION
E000543,U009,2026-03-09 10:00:00,file_access,0.0,0.0,0,0.0,0,0.0,0.0,0.0,0.0,LOW,0,NO MODEL DETECTION,NO IMMEDIATE ACTION
E000612,U009,2026-03-10 09:04:00,login,0.0,0.0,0,0.0,0,0.0,0.0,0.0,0.0,LOW,0,NO MODEL DETECTION,NO IMMEDIATE ACTION
E000628,U009,2026-03-10 10:45:00,file_access,0.0,0.0,0,0.0,0,0.0,0.0,0.0,0.0,LOW,0,NO MODEL DETECTION,NO IMMEDIATE ACTION
E000685,U009,2026-03-11 08:52:00,file_access,0.0,0.0,0,0.0,0,0.0,0.0,0.0,0.0,LOW,0,NO MODEL DETECTION,NO IMMEDIATE ACTION
E000687,U009,2026-03-11 09:13:00,file_access,0.0,0.0,0,0.0,0,0.0,0.0,0.0,0.0,LOW,0,NO MODEL DETECTION,NO IMMEDIATE ACTION
E000062,U010,2026-03-02 15:24:00,file_access,0.0,0.0,0,0.0,0,0.0,0.0,0.0,0.0,LOW,0,NO MODEL DETECTION,NO IMMEDIATE ACTION
E000063,U010,2026-03-02 15:27:00,file_access,0.0,0.0,0,0.0,0,0.0,0.0,0.0,0.0,LOW,0,NO MODEL DETECTION,NO IMMEDIATE ACTION
E000068,U010,2026-03-02 15:59:00,file_access,0.0,0.0,0,0.0,0,0.0,0.0,0.0,0.0,LOW,0,NO MODEL DETECTION,NO IMMEDIATE ACTION
E000140,U010,2026-03-03 14:29:00,file_access,0.0,0.0,0,0.0,0,0.0,0.0,0.0,0.0,LOW,0,NO MODEL DETECTION,NO IMMEDIATE ACTION
E000145,U010,2026-03-03 15:16:00,file_access,0.0,0.0,0,0.0,0,0.0,0.0,0.0,0.0,LOW,0,NO MODEL DETECTION,NO IMMEDIATE ACTION
E000148,U010,2026-03-03 15:27:00,file_access,0.0,0.0,0,0.0,0,0.0,0.0,0.0,0.0,LOW,0,NO MODEL DETECTION,NO IMMEDIATE ACTION
E000151,U010,2026-03-03 16:46:00,transaction,0.0,0.0,0,0.0,0,0.0,0.0,0.0,0.0,LOW,0,NO MODEL DETECTION,NO IMMEDIATE ACTION
E000220,U010,2026-03-04 16:01:00,file_access,0.0,0.0,0,0.0,0,0.0,0.0,0.0,0.0,LOW,0,NO MODEL DETECTION,NO IMMEDIATE ACTION
E000222,U010,2026-03-04 16:27:00,file_access,0.0,0.0,0,0.0,0,0.0,0.0,0.0,0.0,LOW,0,NO MODEL DETECTION,NO IMMEDIATE ACTION
E000223,U010,2026-03-04 16:45:00,file_access,0.0,0.0,0,0.0,0,0.0,0.0,0.0,0.0,LOW,0,NO MODEL DETECTION,NO IMMEDIATE ACTION
E000224,U010,2026-03-04 17:34:00,transaction,0.0,0.0,0,0.0,0,0.0,0.0,0.0,0.0,LOW,0,NO MODEL DETECTION,NO IMMEDIATE ACTION
E000288,U010,2026-03-05 15:16:00,file_access,0.0,0.0,0,0.0,0,0.0,0.0,0.0,0.0,LOW,0,NO MODEL DETECTION,NO IMMEDIATE ACTION
E000289,U010,2026-03-05 15:19:00,file_access,0.0,0.0,0,0.0,0,0.0,0.0,0.0,0.0,LOW,0,NO MODEL DETECTION,NO IMMEDIATE ACTION
E000295,U010,2026-03-05 17:49:00,transaction,0.0,0.0,0,0.0,0,0.0,0.0,0.0,0.0,LOW,0,NO MODEL DETECTION,NO IMMEDIATE ACTION
E000359,U010,2026-03-06 15:17:00,file_access,0.0,0.0,0,0.0,0,0.0,0.0,0.0,0.0,LOW,0,NO MODEL DETECTION,NO IMMEDIATE ACTION
E000424,U010,2026-03-07 14:12:00,file_access,0.0,0.0,0,0.0,0,0.0,0.0,0.0,0.0,LOW,0,NO MODEL DETECTION,NO IMMEDIATE ACTION
E000427,U010,2026-03-07 14:37:00,file_access,0.0,0.0,0,0.0,0,0.0,0.0,0.0,0.0,LOW,0,NO MODEL DETECTION,NO IMMEDIATE ACTION
E000429,U010,2026-03-07 14:41:00,file_access,0.0,0.0,0,0.0,0,0.0,0.0,0.0,0.0,LOW,0,NO MODEL DETECTION,NO IMMEDIATE ACTION
E000436,U010,2026-03-07 16:36:00,transaction,0.0,0.0,0,0.0,0,0.0,0.0,0.0,0.0,LOW,0,NO MODEL DETECTION,NO IMMEDIATE ACTION
E000490,U010,2026-03-08 13:19:00,file_access,0.0,0.0,0,0.0,0,0.0,0.0,0.0,0.0,LOW,0,NO MODEL DETECTION,NO IMMEDIATE ACTION
E000498,U010,2026-03-08 14:58:00,file_access,0.0,0.0,0,0.0,0,0.0,0.0,0.0,0.0,LOW,0,NO MODEL DETECTION,NO IMMEDIATE ACTION
E000565,U010,2026-03-09 15:03:00,file_access,0.0,0.0,0,0.0,0,0.0,0.0,0.0,0.0,LOW,0,NO MODEL DETECTION,NO IMMEDIATE ACTION
E000566,U010,2026-03-09 15:15:00,transaction,0.0,0.0,0,0.0,0,0.0,0.0,0.0,0.0,LOW,0,NO MODEL DETECTION,NO IMMEDIATE ACTION
E000348,U008,2026-03-06 14:12:00,login,0.0,0.0,0,0.0,0,0.0,0.0,0.0,0.0,LOW,0,NO MODEL DETECTION,NO IMMEDIATE ACTION
E000018,U001,2026-03-02 08:14:00,login,0.0,0.0,0,0.0,0,0.0,0.0,0.0,0.0,LOW,0,NO MODEL DETECTION,NO IMMEDIATE ACTION
E000644,U010,2026-03-10 13:39:00,file_access,0.0,0.0,0,0.0,0,0.0,0.0,0.0,0.0,LOW,0,NO MODEL DETECTION,NO IMMEDIATE ACTION
E000654,U010,2026-03-10 15:25:00,transaction,0.0,0.0,0,0.0,0,0.0,0.0,0.0,0.0,LOW,0,NO MODEL DETECTION,NO IMMEDIATE ACTION
E000027,U001,2026-03-02 09:24:00,transaction,0.0,0.0,0,0.0,0,0.0,0.0,0.0,0.0,LOW,0,NO MODEL DETECTION,NO IMMEDIATE ACTION
E000733,U010,2026-03-11 15:51:00,file_access,0.0,0.0,0,0.0,0,0.0,0.0,0.0,0.0,LOW,0,NO MODEL DETECTION,NO IMMEDIATE ACTION
E000734,U010,2026-03-11 15:59:00,file_access,0.0,0.0,0,0.0,0,0.0,0.0,0.0,0.0,LOW,0,NO MODEL DETECTION,NO IMMEDIATE ACTION
E000110,U011,2026-03-03 09:29:00,login,0.0,0.0,0,0.0,0,0.0,0.0,0.0,0.0,LOW,0,NO MODEL DETECTION,NO IMMEDIATE ACTION
E000113,U011,2026-03-03 09:37:00,file_access,0.0,0.0,0,0.0,0,0.0,0.0,0.0,0.0,LOW,0,NO MODEL DETECTION,NO IMMEDIATE ACTION
E000126,U011,2026-03-03 11:01:00,file_access,0.0,0.0,0,0.0,0,0.0,0.0,0.0,0.0,LOW,0,NO MODEL DETECTION,NO IMMEDIATE ACTION
E000129,U011,2026-03-03 11:22:00,file_access,0.0,0.0,0,0.0,0,0.0,0.0,0.0,0.0,LOW,0,NO MODEL DETECTION,NO IMMEDIATE ACTION
E000037,U001,2026-03-02 10:14:00,file_access,0.0,0.0,0,0.0,0,0.0,0.0,0.0,0.0,LOW,0,NO MODEL DETECTION,NO IMMEDIATE ACTION
E000179,U011,2026-03-04 08:43:00,file_access,0.0,0.0,0,0.0,0,0.0,0.0,0.0,0.0,LOW,0,NO MODEL DETECTION,NO IMMEDIATE ACTION
E000100,U001,2026-03-03 08:59:00,login,0.0,0.0,0,0.0,0,0.0,0.0,0.0,0.0,LOW,0,NO MODEL DETECTION,NO IMMEDIATE ACTION
E000108,U001,2026-03-03 09:28:00,file_access,0.0,0.0,0,0.0,0,0.0,0.0,0.0,0.0,LOW,0,NO MODEL DETECTION,NO IMMEDIATE ACTION
E000248,U011,2026-03-05 08:20:00,file_access,0.0,0.0,0,0.0,0,0.0,0.0,0.0,0.0,LOW,0,NO MODEL DETECTION,NO IMMEDIATE ACTION
E000250,U011,2026-03-05 09:00:00,file_access,0.0,0.0,0,0.0,0,0.0,0.0,0.0,0.0,LOW,0,NO MODEL DETECTION,NO IMMEDIATE ACTION
E000253,U011,2026-03-05 09:24:00,file_access,0.0,0.0,0,0.0,0,0.0,0.0,0.0,0.0,LOW,0,NO MODEL DETECTION,NO IMMEDIATE ACTION
E000316,U011,2026-03-06 08:13:00,login,0.0,0.0,0,0.0,0,0.0,0.0,0.0,0.0,LOW,0,NO MODEL DETECTION,NO IMMEDIATE ACTION
E000320,U011,2026-03-06 09:10:00,file_access,0.0,0.0,0,0.0,0,0.0,0.0,0.0,0.0,LOW,0,NO MODEL DETECTION,NO IMMEDIATE ACTION
E000321,U011,2026-03-06 09:15:00,file_access,0.0,0.0,0,0.0,0,0.0,0.0,0.0,0.0,LOW,0,NO MODEL DETECTION,NO IMMEDIATE ACTION
E000121,U001,2026-03-03 10:17:00,file_access,0.0,0.0,0,0.0,0,0.0,0.0,0.0,0.0,LOW,0,NO MODEL DETECTION,NO IMMEDIATE ACTION
E000382,U011,2026-03-07 08:09:00,login,0.0,0.0,0,0.0,0,0.0,0.0,0.0,0.0,LOW,0,NO MODEL DETECTION,NO IMMEDIATE ACTION
E000390,U011,2026-03-07 09:09:00,file_access,0.0,0.0,0,0.0,0,0.0,0.0,0.0,0.0,LOW,0,NO MODEL DETECTION,NO IMMEDIATE ACTION
E000391,U011,2026-03-07 09:14:00,file_access,0.0,0.0,0,0.0,0,0.0,0.0,0.0,0.0,LOW,0,NO MODEL DETECTION,NO IMMEDIATE ACTION
E000401,U011,2026-03-07 10:00:00,file_access,0.0,0.0,0,0.0,0,0.0,0.0,0.0,0.0,LOW,0,NO MODEL DETECTION,NO IMMEDIATE ACTION
E000471,U011,2026-03-08 09:37:00,login,0.0,0.0,0,0.0,0,0.0,0.0,0.0,0.0,LOW,0,NO MODEL DETECTION,NO IMMEDIATE ACTION
E000478,U011,2026-03-08 10:34:00,file_access,0.0,0.0,0,0.0,0,0.0,0.0,0.0,0.0,LOW,0,NO MODEL DETECTION,NO IMMEDIATE ACTION
E000481,U011,2026-03-08 10:53:00,file_access,0.0,0.0,0,0.0,0,0.0,0.0,0.0,0.0,LOW,0,NO MODEL DETECTION,NO IMMEDIATE ACTION
E000487,U011,2026-03-08 11:33:00,file_access,0.0,0.0,0,0.0,0,0.0,0.0,0.0,0.0,LOW,0,NO MODEL DETECTION,NO IMMEDIATE ACTION
E000122,U001,2026-03-03 10:44:00,file_access,0.0,0.0,0,0.0,0,0.0,0.0,0.0,0.0,LOW,0,NO MODEL DETECTION,NO IMMEDIATE ACTION
E000535,U011,2026-03-09 08:42:00,file_access,0.0,0.0,0,0.0,0,0.0,0.0,0.0,0.0,LOW,0,NO MODEL DETECTION,NO IMMEDIATE ACTION
E000617,U011,2026-03-10 09:35:00,login,0.0,0.0,0,0.0,0,0.0,0.0,0.0,0.0,LOW,0,NO MODEL DETECTION,NO IMMEDIATE ACTION
E000620,U011,2026-03-10 09:54:00,file_access,0.0,0.0,0,0.0,0,0.0,0.0,0.0,0.0,LOW,0,NO MODEL DETECTION,NO IMMEDIATE ACTION
E000631,U011,2026-03-10 10:53:00,file_access,0.0,0.0,0,0.0,0,0.0,0.0,0.0,0.0,LOW,0,NO MODEL DETECTION,NO IMMEDIATE ACTION
E000689,U011,2026-03-11 09:41:00,login,0.0,0.0,0,0.0,0,0.0,0.0,0.0,0.0,LOW,0,NO MODEL DETECTION,NO IMMEDIATE ACTION
E000690,U011,2026-03-11 09:49:00,file_access,0.0,0.0,0,0.0,0,0.0,0.0,0.0,0.0,LOW,0,NO MODEL DETECTION,NO IMMEDIATE ACTION
E000691,U011,2026-03-11 09:49:00,file_access,0.0,0.0,0,0.0,0,0.0,0.0,0.0,0.0,LOW,0,NO MODEL DETECTION,NO IMMEDIATE ACTION
E000713,U011,2026-03-11 11:15:00,file_access,0.0,0.0,0,0.0,0,0.0,0.0,0.0,0.0,LOW,0,NO MODEL DETECTION,NO IMMEDIATE ACTION
E000177,U001,2026-03-04 08:26:00,login,0.0,0.0,0,0.0,0,0.0,0.0,0.0,0.0,LOW,0,NO MODEL DETECTION,NO IMMEDIATE ACTION
E000009,U012,2026-03-02 02:50:00,file_access,0.0,0.0,0,0.0,0,0.0,0.0,0.0,0.0,LOW,0,NO MODEL DETECTION,NO IMMEDIATE ACTION
E000186,U001,2026-03-04 09:57:00,file_access,0.0,0.0,0,0.0,0,0.0,0.0,0.0,0.0,LOW,0,NO MODEL DETECTION,NO IMMEDIATE ACTION
E000191,U001,2026-03-04 10:21:00,file_access,0.0,0.0,0,0.0,0,0.0,0.0,0.0,0.0,LOW,0,NO MODEL DETECTION,NO IMMEDIATE ACTION
E000082,U012,2026-03-03 03:30:00,file_access,0.0,0.0,0,0.0,0,0.0,0.0,0.0,0.0,LOW,0,NO MODEL DETECTION,NO IMMEDIATE ACTION
E000090,U012,2026-03-03 04:03:00,file_access,0.0,0.0,0,0.0,0,0.0,0.0,0.0,0.0,LOW,0,NO MODEL DETECTION,NO IMMEDIATE ACTION
E000091,U012,2026-03-03 04:17:00,file_access,0.0,0.0,0,0.0,0,0.0,0.0,0.0,0.0,LOW,0,NO MODEL DETECTION,NO IMMEDIATE ACTION
E000200,U001,2026-03-04 11:42:00,transaction,0.0,0.0,0,0.0,0,0.0,0.0,0.0,0.0,LOW,0,NO MODEL DETECTION,NO IMMEDIATE ACTION
E000258,U001,2026-03-05 09:56:00,file_access,0.0,0.0,0,0.0,0,0.0,0.0,0.0,0.0,LOW,0,NO MODEL DETECTION,NO IMMEDIATE ACTION
E000167,U012,2026-03-04 02:21:00,file_access,0.0,0.0,0,0.0,0,0.0,0.0,0.0,0.0,LOW,0,NO MODEL DETECTION,NO IMMEDIATE ACTION
E000168,U012,2026-03-04 02:49:00,file_access,0.0,0.0,0,0.0,0,0.0,0.0,0.0,0.0,LOW,0,NO MODEL DETECTION,NO IMMEDIATE ACTION
E000169,U012,2026-03-04 03:15:00,transaction,0.0,0.0,0,0.0,0,0.0,0.0,0.0,0.0,LOW,0,NO MODEL DETECTION,NO IMMEDIATE ACTION
E000170,U012,2026-03-04 03:17:00,file_access,0.0,0.0,0,0.0,0,0.0,0.0,0.0,0.0,LOW,0,NO MODEL DETECTION,NO IMMEDIATE ACTION
E000260,U001,2026-03-05 10:14:00,file_access,0.0,0.0,0,0.0,0,0.0,0.0,0.0,0.0,LOW,0,NO MODEL DETECTION,NO IMMEDIATE ACTION
E000235,U012,2026-03-05 03:14:00,file_access,0.0,0.0,0,0.0,0,0.0,0.0,0.0,0.0,LOW,0,NO MODEL DETECTION,NO IMMEDIATE ACTION
E000238,U012,2026-03-05 03:38:00,file_access,0.0,0.0,0,0.0,0,0.0,0.0,0.0,0.0,LOW,0,NO MODEL DETECTION,NO IMMEDIATE ACTION
E000241,U012,2026-03-05 03:58:00,transaction,0.0,0.0,0,0.0,0,0.0,0.0,0.0,0.0,LOW,0,NO MODEL DETECTION,NO IMMEDIATE ACTION
E000386,U001,2026-03-07 08:41:00,login,0.0,0.0,0,0.0,0,0.0,0.0,0.0,0.0,LOW,0,NO MODEL DETECTION,NO IMMEDIATE ACTION
E000389,U001,2026-03-07 09:07:00,file_access,0.0,0.0,0,0.0,0,0.0,0.0,0.0,0.0,LOW,0,NO MODEL DETECTION,NO IMMEDIATE ACTION
E000308,U012,2026-03-06 04:02:00,file_access,0.0,0.0,0,0.0,0,0.0,0.0,0.0,0.0,LOW,0,NO MODEL DETECTION,NO IMMEDIATE ACTION
E000406,U001,2026-03-07 10:22:00,file_access,0.0,0.0,0,0.0,0,0.0,0.0,0.0,0.0,LOW,0,NO MODEL DETECTION,NO IMMEDIATE ACTION
E000379,U012,2026-03-07 04:17:00,file_access,0.0,0.0,0,0.0,0,0.0,0.0,0.0,0.0,LOW,0,NO MODEL DETECTION,NO IMMEDIATE ACTION
E000380,U012,2026-03-07 04:21:00,file_access,0.0,0.0,0,0.0,0,0.0,0.0,0.0,0.0,LOW,0,NO MODEL DETECTION,NO IMMEDIATE ACTION
E000381,U012,2026-03-07 06:27:00,transaction,0.0,0.0,0,0.0,0,0.0,0.0,0.0,0.0,LOW,0,NO MODEL DETECTION,NO IMMEDIATE ACTION
E000407,U001,2026-03-07 10:33:00,file_access,0.0,0.0,0,0.0,0,0.0,0.0,0.0,0.0,LOW,0,NO MODEL DETECTION,NO IMMEDIATE ACTION
E000453,U012,2026-03-08 04:51:00,file_access,0.0,0.0,0,0.0,0,0.0,0.0,0.0,0.0,LOW,0,NO MODEL DETECTION,NO IMMEDIATE ACTION
E000454,U012,2026-03-08 05:13:00,file_access,0.0,0.0,0,0.0,0,0.0,0.0,0.0,0.0,LOW,0,NO MODEL DETECTION,NO IMMEDIATE ACTION
E000455,U012,2026-03-08 05:48:00,transaction,0.0,0.0,0,0.0,0,0.0,0.0,0.0,0.0,LOW,0,NO MODEL DETECTION,NO IMMEDIATE ACTION
E000461,U001,2026-03-08 08:23:00,file_access,0.0,0.0,0,0.0,0,0.0,0.0,0.0,0.0,LOW,0,NO MODEL DETECTION,NO IMMEDIATE ACTION
E000522,U012,2026-03-09 03:55:00,file_access,0.0,0.0,0,0.0,0,0.0,0.0,0.0,0.0,LOW,0,NO MODEL DETECTION,NO IMMEDIATE ACTION
E000524,U012,2026-03-09 05:30:00,file_access,0.0,0.0,0,0.0,0,0.0,0.0,0.0,0.0,LOW,0,NO MODEL DETECTION,NO IMMEDIATE ACTION
E000525,U012,2026-03-09 06:19:00,transaction,0.0,0.0,0,0.0,0,0.0,0.0,0.0,0.0,LOW,0,NO MODEL DETECTION,NO IMMEDIATE ACTION
E000533,U001,2026-03-09 08:27:00,login,0.0,0.0,0,0.0,0,0.0,0.0,0.0,0.0,LOW,0,NO MODEL DETECTION,NO IMMEDIATE ACTION
E000594,U012,2026-03-10 04:07:00,file_access,0.0,0.0,0,0.0,0,0.0,0.0,0.0,0.0,LOW,0,NO MODEL DETECTION,NO IMMEDIATE ACTION
E000596,U012,2026-03-10 04:18:00,transaction,0.0,0.0,0,0.0,0,0.0,0.0,0.0,0.0,LOW,0,NO MODEL DETECTION,NO IMMEDIATE ACTION
E000599,U012,2026-03-10 04:29:00,file_access,0.0,0.0,0,0.0,0,0.0,0.0,0.0,0.0,LOW,0,NO MODEL DETECTION,NO IMMEDIATE ACTION
E000600,U012,2026-03-10 05:03:00,file_access,0.0,0.0,0,0.0,0,0.0,0.0,0.0,0.0,LOW,0,NO MODEL DETECTION,NO IMMEDIATE ACTION
E000536,U001,2026-03-09 08:51:00,file_access,0.0,0.0,0,0.0,0,0.0,0.0,0.0,0.0,LOW,0,NO MODEL DETECTION,NO IMMEDIATE ACTION
E000673,U012,2026-03-11 03:10:00,file_access,0.0,0.0,0,0.0,0,0.0,0.0,0.0,0.0,LOW,0,NO MODEL DETECTION,NO IMMEDIATE ACTION
E000674,U012,2026-03-11 03:22:00,file_access,0.0,0.0,0,0.0,0,0.0,0.0,0.0,0.0,LOW,0,NO MODEL DETECTION,NO IMMEDIATE ACTION
E000677,U012,2026-03-11 04:41:00,file_access,0.0,0.0,0,0.0,0,0.0,0.0,0.0,0.0,LOW,0,NO MODEL DETECTION,NO IMMEDIATE ACTION
E000537,U001,2026-03-09 08:51:00,transaction,0.0,0.0,0,0.0,0,0.0,0.0,0.0,0.0,LOW,0,NO MODEL DETECTION,NO IMMEDIATE ACTION
E000542,U001,2026-03-09 09:56:00,file_access,0.0,0.0,0,0.0,0,0.0,0.0,0.0,0.0,LOW,0,NO MODEL DETECTION,NO IMMEDIATE ACTION
E000012,U013,2026-03-02 03:33:00,file_access,0.0,0.0,0,0.0,0,0.0,0.0,0.0,0.0,LOW,0,NO MODEL DETECTION,NO IMMEDIATE ACTION
E000013,U013,2026-03-02 04:12:00,file_access,0.0,0.0,0,0.0,0,0.0,0.0,0.0,0.0,LOW,0,NO MODEL DETECTION,NO IMMEDIATE ACTION
E000544,U001,2026-03-09 10:05:00,file_access,0.0,0.0,0,0.0,0,0.0,0.0,0.0,0.0,LOW,0,NO MODEL DETECTION,NO IMMEDIATE ACTION
E000604,U001,2026-03-10 08:03:00,login,0.0,0.0,0,0.0,0,0.0,0.0,0.0,0.0,LOW,0,NO MODEL DETECTION,NO IMMEDIATE ACTION
E000081,U013,2026-03-03 03:22:00,file_access,0.0,0.0,0,0.0,0,0.0,0.0,0.0,0.0,LOW,0,NO MODEL DETECTION,NO IMMEDIATE ACTION
E000092,U013,2026-03-03 04:34:00,file_access,0.0,0.0,0,0.0,0,0.0,0.0,0.0,0.0,LOW,0,NO MODEL DETECTION,NO IMMEDIATE ACTION
E000093,U013,2026-03-03 04:49:00,transaction,0.0,0.0,0,0.0,0,0.0,0.0,0.0,0.0,LOW,0,NO MODEL DETECTION,NO IMMEDIATE ACTION
E000606,U001,2026-03-10 08:18:00,file_access,0.0,0.0,0,0.0,0,0.0,0.0,0.0,0.0,LOW,0,NO MODEL DETECTION,NO IMMEDIATE ACTION
E000157,U013,2026-03-04 01:35:00,transaction,0.0,0.0,0,0.0,0,0.0,0.0,0.0,0.0,LOW,0,NO MODEL DETECTION,NO IMMEDIATE ACTION
E000159,U013,2026-03-04 01:54:00,file_access,0.0,0.0,0,0.0,0,0.0,0.0,0.0,0.0,LOW,0,NO MODEL DETECTION,NO IMMEDIATE ACTION
E000568,U010,2026-03-09 15:21:00,file_access,0.0,0.0,0,0.0,0,0.0,0.0,0.0,0.0,LOW,0,NO MODEL DETECTION,NO IMMEDIATE ACTION
E000231,U013,2026-03-05 02:39:00,file_access,0.0,0.0,0,0.0,0,0.0,0.0,0.0,0.0,LOW,0,NO MODEL DETECTION,NO IMMEDIATE ACTION
E000233,U013,2026-03-05 03:05:00,file_access,0.0,0.0,0,0.0,0,0.0,0.0,0.0,0.0,LOW,0,NO MODEL DETECTION,NO IMMEDIATE ACTION
E000236,U013,2026-03-05 03:23:00,file_access,0.0,0.0,0,0.0,0,0.0,0.0,0.0,0.0,LOW,0,NO MODEL DETECTION,NO IMMEDIATE ACTION
E000240,U013,2026-03-05 03:55:00,transaction,0.0,0.0,0,0.0,0,0.0,0.0,0.0,0.0,LOW,0,NO MODEL DETECTION,NO IMMEDIATE ACTION
E000607,U001,2026-03-10 08:28:00,file_access,0.0,0.0,0,0.0,0,0.0,0.0,0.0,0.0,LOW,0,NO MODEL DETECTION,NO IMMEDIATE ACTION
E000309,U013,2026-03-06 04:18:00,file_access,0.0,0.0,0,0.0,0,0.0,0.0,0.0,0.0,LOW,0,NO MODEL DETECTION,NO IMMEDIATE ACTION
E000310,U013,2026-03-06 04:27:00,file_access,0.0,0.0,0,0.0,0,0.0,0.0,0.0,0.0,LOW,0,NO MODEL DETECTION,NO IMMEDIATE ACTION
E000608,U001,2026-03-10 08:30:00,transaction,0.0,0.0,0,0.0,0,0.0,0.0,0.0,0.0,LOW,0,NO MODEL DETECTION,NO IMMEDIATE ACTION
E000613,U001,2026-03-10 09:09:00,file_access,0.0,0.0,0,0.0,0,0.0,0.0,0.0,0.0,LOW,0,NO MODEL DETECTION,NO IMMEDIATE ACTION
E000370,U013,2026-03-07 01:33:00,transaction,0.0,0.0,0,0.0,0,0.0,0.0,0.0,0.0,LOW,0,NO MODEL DETECTION,NO IMMEDIATE ACTION
E000373,U013,2026-03-07 02:02:00,file_access,0.0,0.0,0,0.0,0,0.0,0.0,0.0,0.0,LOW,0,NO MODEL DETECTION,NO IMMEDIATE ACTION
E000374,U013,2026-03-07 02:04:00,file_access,0.0,0.0,0,0.0,0,0.0,0.0,0.0,0.0,LOW,0,NO MODEL DETECTION,NO IMMEDIATE ACTION
E000681,U001,2026-03-11 07:55:00,file_access,0.0,0.0,0,0.0,0,0.0,0.0,0.0,0.0,LOW,0,NO MODEL DETECTION,NO IMMEDIATE ACTION
E000445,U013,2026-03-08 02:37:00,file_access,0.0,0.0,0,0.0,0,0.0,0.0,0.0,0.0,LOW,0,NO MODEL DETECTION,NO IMMEDIATE ACTION
E000019,U002,2026-03-02 08:37:00,login,0.0,0.0,0,0.0,0,0.0,0.0,0.0,0.0,LOW,0,NO MODEL DETECTION,NO IMMEDIATE ACTION
E000023,U002,2026-03-02 09:08:00,file_access,0.0,0.0,0,0.0,0,0.0,0.0,0.0,0.0,LOW,0,NO MODEL DETECTION,NO IMMEDIATE ACTION
E000512,U013,2026-03-09 01:42:00,file_access,0.0,0.0,0,0.0,0,0.0,0.0,0.0,0.0,LOW,0,NO MODEL DETECTION,NO IMMEDIATE ACTION
E000515,U013,2026-03-09 02:34:00,transaction,0.0,0.0,0,0.0,0,0.0,0.0,0.0,0.0,LOW,0,NO MODEL DETECTION,NO IMMEDIATE ACTION
E000025,U002,2026-03-02 09:12:00,file_access,0.0,0.0,0,0.0,0,0.0,0.0,0.0,0.0,LOW,0,NO MODEL DETECTION,NO IMMEDIATE ACTION
E000593,U013,2026-03-10 03:46:00,file_access,0.0,0.0,0,0.0,0,0.0,0.0,0.0,0.0,LOW,0,NO MODEL DETECTION,NO IMMEDIATE ACTION
E000595,U013,2026-03-10 04:11:00,transaction,0.0,0.0,0,0.0,0,0.0,0.0,0.0,0.0,LOW,0,NO MODEL DETECTION,NO IMMEDIATE ACTION
E000032,U002,2026-03-02 09:48:00,file_access,0.0,0.0,0,0.0,0,0.0,0.0,0.0,0.0,LOW,0,NO MODEL DETECTION,NO IMMEDIATE ACTION
E000659,U013,2026-03-11 01:58:00,file_access,0.0,0.0,0,0.0,0,0.0,0.0,0.0,0.0,LOW,0,NO MODEL DETECTION,NO IMMEDIATE ACTION
E000668,U013,2026-03-11 02:38:00,transaction,0.0,0.0,0,0.0,0,0.0,0.0,0.0,0.0,LOW,0,NO MODEL DETECTION,NO IMMEDIATE ACTION
E000671,U013,2026-03-11 02:52:00,file_access,0.0,0.0,0,0.0,0,0.0,0.0,0.0,0.0,LOW,0,NO MODEL DETECTION,NO IMMEDIATE ACTION
E000676,U013,2026-03-11 03:33:00,file_access,0.0,0.0,0,0.0,0,0.0,0.0,0.0,0.0,LOW,0,NO MODEL DETECTION,NO IMMEDIATE ACTION
E000026,U014,2026-03-02 09:14:00,login,0.0,0.0,0,0.0,0,0.0,0.0,0.0,0.0,LOW,0,NO MODEL DETECTION,NO IMMEDIATE ACTION
E000031,U014,2026-03-02 09:38:00,file_access,0.0,0.0,0,0.0,0,0.0,0.0,0.0,0.0,LOW,0,NO MODEL DETECTION,NO IMMEDIATE ACTION
E000033,U014,2026-03-02 09:49:00,transaction,0.0,0.0,0,0.0,0,0.0,0.0,0.0,0.0,LOW,0,NO MODEL DETECTION,NO IMMEDIATE ACTION
E000102,U014,2026-03-03 09:02:00,login,0.0,0.0,0,0.0,0,0.0,0.0,0.0,0.0,LOW,0,NO MODEL DETECTION,NO IMMEDIATE ACTION
E000105,U014,2026-03-03 09:23:00,file_access,0.0,0.0,0,0.0,0,0.0,0.0,0.0,0.0,LOW,0,NO MODEL DETECTION,NO IMMEDIATE ACTION
E000107,U014,2026-03-03 09:26:00,file_access,0.0,0.0,0,0.0,0,0.0,0.0,0.0,0.0,LOW,0,NO MODEL DETECTION,NO IMMEDIATE ACTION
E000117,U014,2026-03-03 09:50:00,file_access,0.0,0.0,0,0.0,0,0.0,0.0,0.0,0.0,LOW,0,NO MODEL DETECTION,NO IMMEDIATE ACTION
E000131,U014,2026-03-03 11:51:00,transaction,0.0,0.0,0,0.0,0,0.0,0.0,0.0,0.0,LOW,0,NO MODEL DETECTION,NO IMMEDIATE ACTION
E000256,U014,2026-03-05 09:46:00,login,0.0,0.0,0,0.0,0,0.0,0.0,0.0,0.0,LOW,0,NO MODEL DETECTION,NO IMMEDIATE ACTION
E000264,U014,2026-03-05 10:47:00,file_access,0.0,0.0,0,0.0,0,0.0,0.0,0.0,0.0,LOW,0,NO MODEL DETECTION,NO IMMEDIATE ACTION
E000272,U014,2026-03-05 11:50:00,transaction,0.0,0.0,0,0.0,0,0.0,0.0,0.0,0.0,LOW,0,NO MODEL DETECTION,NO IMMEDIATE ACTION
E000330,U014,2026-03-06 10:57:00,login,0.0,0.0,0,0.0,0,0.0,0.0,0.0,0.0,LOW,0,NO MODEL DETECTION,NO IMMEDIATE ACTION
E000336,U014,2026-03-06 11:49:00,file_access,0.0,0.0,0,0.0,0,0.0,0.0,0.0,0.0,LOW,0,NO MODEL DETECTION,NO IMMEDIATE ACTION
E000394,U014,2026-03-07 09:33:00,login,0.0,0.0,0,0.0,0,0.0,0.0,0.0,0.0,LOW,0,NO MODEL DETECTION,NO IMMEDIATE ACTION
E000398,U014,2026-03-07 09:56:00,transaction,0.0,0.0,0,0.0,0,0.0,0.0,0.0,0.0,LOW,0,NO MODEL DETECTION,NO IMMEDIATE ACTION
E000399,U014,2026-03-07 09:58:00,file_access,0.0,0.0,0,0.0,0,0.0,0.0,0.0,0.0,LOW,0,NO MODEL DETECTION,NO IMMEDIATE ACTION
E000417,U014,2026-03-07 11:20:00,file_access,0.0,0.0,0,0.0,0,0.0,0.0,0.0,0.0,LOW,0,NO MODEL DETECTION,NO IMMEDIATE ACTION
E000047,U002,2026-03-02 11:32:00,transaction,0.0,0.0,0,0.0,0,0.0,0.0,0.0,0.0,LOW,0,NO MODEL DETECTION,NO IMMEDIATE ACTION
E000464,U014,2026-03-08 09:00:00,file_access,0.0,0.0,0,0.0,0,0.0,0.0,0.0,0.0,LOW,0,NO MODEL DETECTION,NO IMMEDIATE ACTION
E000466,U014,2026-03-08 09:24:00,file_access,0.0,0.0,0,0.0,0,0.0,0.0,0.0,0.0,LOW,0,NO MODEL DETECTION,NO IMMEDIATE ACTION
E000479,U014,2026-03-08 10:38:00,file_access,0.0,0.0,0,0.0,0,0.0,0.0,0.0,0.0,LOW,0,NO MODEL DETECTION,NO IMMEDIATE ACTION
E000095,U002,2026-03-03 08:00:00,login,0.0,0.0,0,0.0,0,0.0,0.0,0.0,0.0,LOW,0,NO MODEL DETECTION,NO IMMEDIATE ACTION
E000540,U014,2026-03-09 09:22:00,login,0.0,0.0,0,0.0,0,0.0,0.0,0.0,0.0,LOW,0,NO MODEL DETECTION,NO IMMEDIATE ACTION
E000546,U014,2026-03-09 10:20:00,file_access,0.0,0.0,0,0.0,0,0.0,0.0,0.0,0.0,LOW,0,NO MODEL DETECTION,NO IMMEDIATE ACTION
E000097,U002,2026-03-03 08:14:00,file_access,0.0,0.0,0,0.0,0,0.0,0.0,0.0,0.0,LOW,0,NO MODEL DETECTION,NO IMMEDIATE ACTION
E000623,U014,2026-03-10 09:59:00,login,0.0,0.0,0,0.0,0,0.0,0.0,0.0,0.0,LOW,0,NO MODEL DETECTION,NO IMMEDIATE ACTION
E000627,U014,2026-03-10 10:44:00,transaction,0.0,0.0,0,0.0,0,0.0,0.0,0.0,0.0,LOW,0,NO MODEL DETECTION,NO IMMEDIATE ACTION
E000639,U014,2026-03-10 11:51:00,file_access,0.0,0.0,0,0.0,0,0.0,0.0,0.0,0.0,LOW,0,NO MODEL DETECTION,NO IMMEDIATE ACTION
E000695,U014,2026-03-11 10:08:00,login,0.0,0.0,0,0.0,0,0.0,0.0,0.0,0.0,LOW,0,NO MODEL DETECTION,NO IMMEDIATE ACTION
E000696,U014,2026-03-11 10:13:00,file_access,0.0,0.0,0,0.0,0,0.0,0.0,0.0,0.0,LOW,0,NO MODEL DETECTION,NO IMMEDIATE ACTION
E000698,U014,2026-03-11 10:15:00,file_access,0.0,0.0,0,0.0,0,0.0,0.0,0.0,0.0,LOW,0,NO MODEL DETECTION,NO IMMEDIATE ACTION
E000712,U014,2026-03-11 11:13:00,file_access,0.0,0.0,0,0.0,0,0.0,0.0,0.0,0.0,LOW,0,NO MODEL DETECTION,NO IMMEDIATE ACTION
E000715,U014,2026-03-11 12:38:00,transaction,0.0,0.0,0,0.0,0,0.0,0.0,0.0,0.0,LOW,0,NO MODEL DETECTION,NO IMMEDIATE ACTION
E000106,U002,2026-03-03 09:24:00,file_access,0.0,0.0,0,0.0,0,0.0,0.0,0.0,0.0,LOW,0,NO MODEL DETECTION,NO IMMEDIATE ACTION
E000004,U015,2026-03-02 02:00:00,file_access,0.0,0.0,0,0.0,0,0.0,0.0,0.0,0.0,LOW,0,NO MODEL DETECTION,NO IMMEDIATE ACTION
E000006,U015,2026-03-02 02:24:00,file_access,0.0,0.0,0,0.0,0,0.0,0.0,0.0,0.0,LOW,0,NO MODEL DETECTION,NO IMMEDIATE ACTION
E000015,U015,2026-03-02 04:38:00,transaction,0.0,0.0,0,0.0,0,0.0,0.0,0.0,0.0,LOW,0,NO MODEL DETECTION,NO IMMEDIATE ACTION
E000176,U002,2026-03-04 08:19:00,file_access,0.0,0.0,0,0.0,0,0.0,0.0,0.0,0.0,LOW,0,NO MODEL DETECTION,NO IMMEDIATE ACTION
E000080,U015,2026-03-03 03:13:00,file_access,0.0,0.0,0,0.0,0,0.0,0.0,0.0,0.0,LOW,0,NO MODEL DETECTION,NO IMMEDIATE ACTION
E000083,U015,2026-03-03 03:42:00,transaction,0.0,0.0,0,0.0,0,0.0,0.0,0.0,0.0,LOW,0,NO MODEL DETECTION,NO IMMEDIATE ACTION
E000084,U015,2026-03-03 03:44:00,file_access,0.0,0.0,0,0.0,0,0.0,0.0,0.0,0.0,LOW,0,NO MODEL DETECTION,NO IMMEDIATE ACTION
E000086,U015,2026-03-03 03:49:00,file_access,0.0,0.0,0,0.0,0,0.0,0.0,0.0,0.0,LOW,0,NO MODEL DETECTION,NO IMMEDIATE ACTION
E000314,U002,2026-03-06 07:37:00,file_access,0.0,0.0,0,0.0,0,0.0,0.0,0.0,0.0,LOW,0,NO MODEL DETECTION,NO IMMEDIATE ACTION
E000156,U015,2026-03-04 01:26:00,transaction,0.0,0.0,0,0.0,0,0.0,0.0,0.0,0.0,LOW,0,NO MODEL DETECTION,NO IMMEDIATE ACTION
E000160,U015,2026-03-04 01:56:00,file_access,0.0,0.0,0,0.0,0,0.0,0.0,0.0,0.0,LOW,0,NO MODEL DETECTION,NO IMMEDIATE ACTION
E000165,U015,2026-03-04 02:19:00,file_access,0.0,0.0,0,0.0,0,0.0,0.0,0.0,0.0,LOW,0,NO MODEL DETECTION,NO IMMEDIATE ACTION
E000166,U015,2026-03-04 02:20:00,file_access,0.0,0.0,0,0.0,0,0.0,0.0,0.0,0.0,LOW,0,NO MODEL DETECTION,NO IMMEDIATE ACTION
E000315,U002,2026-03-06 07:57:00,file_access,0.0,0.0,0,0.0,0,0.0,0.0,0.0,0.0,LOW,0,NO MODEL DETECTION,NO IMMEDIATE ACTION
E000230,U015,2026-03-05 02:37:00,file_access,0.0,0.0,0,0.0,0,0.0,0.0,0.0,0.0,LOW,0,NO MODEL DETECTION,NO IMMEDIATE ACTION
E000245,U015,2026-03-05 05:04:00,transaction,0.0,0.0,0,0.0,0,0.0,0.0,0.0,0.0,LOW,0,NO MODEL DETECTION,NO IMMEDIATE ACTION
E000319,U002,2026-03-06 08:59:00,file_access,0.0,0.0,0,0.0,0,0.0,0.0,0.0,0.0,LOW,0,NO MODEL DETECTION,NO IMMEDIATE ACTION
E000299,U015,2026-03-06 02:09:00,file_access,0.0,0.0,0,0.0,0,0.0,0.0,0.0,0.0,LOW,0,NO MODEL DETECTION,NO IMMEDIATE ACTION
E000305,U015,2026-03-06 03:01:00,file_access,0.0,0.0,0,0.0,0,0.0,0.0,0.0,0.0,LOW,0,NO MODEL DETECTION,NO IMMEDIATE ACTION
E000311,U015,2026-03-06 04:52:00,transaction,0.0,0.0,0,0.0,0,0.0,0.0,0.0,0.0,LOW,0,NO MODEL DETECTION,NO IMMEDIATE ACTION
E000323,U002,2026-03-06 10:03:00,transaction,0.0,0.0,0,0.0,0,0.0,0.0,0.0,0.0,LOW,0,NO MODEL DETECTION,NO IMMEDIATE ACTION
E000376,U015,2026-03-07 02:24:00,file_access,0.0,0.0,0,0.0,0,0.0,0.0,0.0,0.0,LOW,0,NO MODEL DETECTION,NO IMMEDIATE ACTION
E000378,U015,2026-03-07 03:12:00,transaction,0.0,0.0,0,0.0,0,0.0,0.0,0.0,0.0,LOW,0,NO MODEL DETECTION,NO IMMEDIATE ACTION
E000383,U002,2026-03-07 08:16:00,login,0.0,0.0,0,0.0,0,0.0,0.0,0.0,0.0,LOW,0,NO MODEL DETECTION,NO IMMEDIATE ACTION
E000448,U015,2026-03-08 03:18:00,transaction,0.0,0.0,0,0.0,0,0.0,0.0,0.0,0.0,LOW,0,NO MODEL DETECTION,NO IMMEDIATE ACTION
E000449,U015,2026-03-08 03:25:00,file_access,0.0,0.0,0,0.0,0,0.0,0.0,0.0,0.0,LOW,0,NO MODEL DETECTION,NO IMMEDIATE ACTION
E000450,U015,2026-03-08 03:30:00,file_access,0.0,0.0,0,0.0,0,0.0,0.0,0.0,0.0,LOW,0,NO MODEL DETECTION,NO IMMEDIATE ACTION
E000384,U002,2026-03-07 08:32:00,file_access,0.0,0.0,0,0.0,0,0.0,0.0,0.0,0.0,LOW,0,NO MODEL DETECTION,NO IMMEDIATE ACTION
E000516,U015,2026-03-09 02:42:00,file_access,0.0,0.0,0,0.0,0,0.0,0.0,0.0,0.0,LOW,0,NO MODEL DETECTION,NO IMMEDIATE ACTION
E000519,U015,2026-03-09 03:42:00,file_access,0.0,0.0,0,0.0,0,0.0,0.0,0.0,0.0,LOW,0,NO MODEL DETECTION,NO IMMEDIATE ACTION
E000388,U002,2026-03-07 08:59:00,transaction,0.0,0.0,0,0.0,0,0.0,0.0,0.0,0.0,LOW,0,NO MODEL DETECTION,NO IMMEDIATE ACTION
E000393,U002,2026-03-07 09:23:00,file_access,0.0,0.0,0,0.0,0,0.0,0.0,0.0,0.0,LOW,0,NO MODEL DETECTION,NO IMMEDIATE ACTION
E000404,U002,2026-03-07 10:07:00,file_access,0.0,0.0,0,0.0,0,0.0,0.0,0.0,0.0,LOW,0,NO MODEL DETECTION,NO IMMEDIATE ACTION
E000597,U015,2026-03-10 04:18:00,file_access,0.0,0.0,0,0.0,0,0.0,0.0,0.0,0.0,LOW,0,NO MODEL DETECTION,NO IMMEDIATE ACTION
E000598,U015,2026-03-10 04:18:00,file_access,0.0,0.0,0,0.0,0,0.0,0.0,0.0,0.0,LOW,0,NO MODEL DETECTION,NO IMMEDIATE ACTION
E000601,U015,2026-03-10 05:15:00,transaction,0.0,0.0,0,0.0,0,0.0,0.0,0.0,0.0,LOW,0,NO MODEL DETECTION,NO IMMEDIATE ACTION
E000460,U002,2026-03-08 07:59:00,file_access,0.0,0.0,0,0.0,0,0.0,0.0,0.0,0.0,LOW,0,NO MODEL DETECTION,NO IMMEDIATE ACTION
E000672,U015,2026-03-11 02:52:00,file_access,0.0,0.0,0,0.0,0,0.0,0.0,0.0,0.0,LOW,0,NO MODEL DETECTION,NO IMMEDIATE ACTION
E000678,U015,2026-03-11 04:50:00,transaction,0.0,0.0,0,0.0,0,0.0,0.0,0.0,0.0,LOW,0,NO MODEL DETECTION,NO IMMEDIATE ACTION
E000465,U002,2026-03-08 09:01:00,file_access,0.0,0.0,0,0.0,0,0.0,0.0,0.0,0.0,LOW,0,NO MODEL DETECTION,NO IMMEDIATE ACTION
E000028,U016,2026-03-02 09:25:00,file_access,0.0,0.0,0,0.0,0,0.0,0.0,0.0,0.0,LOW,0,NO MODEL DETECTION,NO IMMEDIATE ACTION
E000030,U016,2026-03-02 09:28:00,file_access,0.0,0.0,0,0.0,0,0.0,0.0,0.0,0.0,LOW,0,NO MODEL DETECTION,NO IMMEDIATE ACTION
E000035,U016,2026-03-02 09:58:00,file_access,0.0,0.0,0,0.0,0,0.0,0.0,0.0,0.0,LOW,0,NO MODEL DETECTION,NO IMMEDIATE ACTION
E000044,U016,2026-03-02 10:55:00,transaction,0.0,0.0,0,0.0,0,0.0,0.0,0.0,0.0,LOW,0,NO MODEL DETECTION,NO IMMEDIATE ACTION
E000101,U016,2026-03-03 09:01:00,login,0.0,0.0,0,0.0,0,0.0,0.0,0.0,0.0,LOW,0,NO MODEL DETECTION,NO IMMEDIATE ACTION
E000469,U002,2026-03-08 09:29:00,transaction,0.0,0.0,0,0.0,0,0.0,0.0,0.0,0.0,LOW,0,NO MODEL DETECTION,NO IMMEDIATE ACTION
E000124,U016,2026-03-03 10:54:00,file_access,0.0,0.0,0,0.0,0,0.0,0.0,0.0,0.0,LOW,0,NO MODEL DETECTION,NO IMMEDIATE ACTION
E000622,U002,2026-03-10 09:59:00,file_access,0.0,0.0,0,0.0,0,0.0,0.0,0.0,0.0,LOW,0,NO MODEL DETECTION,NO IMMEDIATE ACTION
E000188,U016,2026-03-04 09:58:00,file_access,0.0,0.0,0,0.0,0,0.0,0.0,0.0,0.0,LOW,0,NO MODEL DETECTION,NO IMMEDIATE ACTION
E000257,U016,2026-03-05 09:48:00,login,0.0,0.0,0,0.0,0,0.0,0.0,0.0,0.0,LOW,0,NO MODEL DETECTION,NO IMMEDIATE ACTION
E000269,U016,2026-03-05 11:06:00,file_access,0.0,0.0,0,0.0,0,0.0,0.0,0.0,0.0,LOW,0,NO MODEL DETECTION,NO IMMEDIATE ACTION
E000270,U016,2026-03-05 11:18:00,transaction,0.0,0.0,0,0.0,0,0.0,0.0,0.0,0.0,LOW,0,NO MODEL DETECTION,NO IMMEDIATE ACTION
E000684,U002,2026-03-11 08:39:00,login,0.0,0.0,0,0.0,0,0.0,0.0,0.0,0.0,LOW,0,NO MODEL DETECTION,NO IMMEDIATE ACTION
E000397,U016,2026-03-07 09:49:00,file_access,0.0,0.0,0,0.0,0,0.0,0.0,0.0,0.0,LOW,0,NO MODEL DETECTION,NO IMMEDIATE ACTION
E000405,U016,2026-03-07 10:17:00,file_access,0.0,0.0,0,0.0,0,0.0,0.0,0.0,0.0,LOW,0,NO MODEL DETECTION,NO IMMEDIATE ACTION
E000416,U016,2026-03-07 11:19:00,transaction,0.0,0.0,0,0.0,0,0.0,0.0,0.0,0.0,LOW,0,NO MODEL DETECTION,NO IMMEDIATE ACTION
E000686,U002,2026-03-11 09:03:00,file_access,0.0,0.0,0,0.0,0,0.0,0.0,0.0,0.0,LOW,0,NO MODEL DETECTION,NO IMMEDIATE ACTION
E000484,U016,2026-03-08 11:10:00,file_access,0.0,0.0,0,0.0,0,0.0,0.0,0.0,0.0,LOW,0,NO MODEL DETECTION,NO IMMEDIATE ACTION
E000697,U002,2026-03-11 10:14:00,transaction,0.0,0.0,0,0.0,0,0.0,0.0,0.0,0.0,LOW,0,NO MODEL DETECTION,NO IMMEDIATE ACTION
E000554,U016,2026-03-09 11:56:00,file_access,0.0,0.0,0,0.0,0,0.0,0.0,0.0,0.0,LOW,0,NO MODEL DETECTION,NO IMMEDIATE ACTION
E000557,U016,2026-03-09 12:17:00,file_access,0.0,0.0,0,0.0,0,0.0,0.0,0.0,0.0,LOW,0,NO MODEL DETECTION,NO IMMEDIATE ACTION
E000560,U016,2026-03-09 13:54:00,transaction,0.0,0.0,0,0.0,0,0.0,0.0,0.0,0.0,LOW,0,NO MODEL DETECTION,NO IMMEDIATE ACTION
E000701,U002,2026-03-11 10:26:00,file_access,0.0,0.0,0,0.0,0,0.0,0.0,0.0,0.0,LOW,0,NO MODEL DETECTION,NO IMMEDIATE ACTION
E000610,U016,2026-03-10 08:52:00,file_access,0.0,0.0,0,0.0,0,0.0,0.0,0.0,0.0,LOW,0,NO MODEL DETECTION,NO IMMEDIATE ACTION
E000703,U002,2026-03-11 10:36:00,file_access,0.0,0.0,0,0.0,0,0.0,0.0,0.0,0.0,LOW,0,NO MODEL DETECTION,NO IMMEDIATE ACTION
E000055,U003,2026-03-02 14:20:00,file_access,0.0,0.0,0,0.0,0,0.0,0.0,0.0,0.0,LOW,0,NO MODEL DETECTION,NO IMMEDIATE ACTION
E000692,U016,2026-03-11 09:58:00,file_access,0.0,0.0,0,0.0,0,0.0,0.0,0.0,0.0,LOW,0,NO MODEL DETECTION,NO IMMEDIATE ACTION
E000702,U016,2026-03-11 10:26:00,transaction,0.0,0.0,0,0.0,0,0.0,0.0,0.0,0.0,LOW,0,NO MODEL DETECTION,NO IMMEDIATE ACTION
E000057,U003,2026-03-02 14:48:00,file_access,0.0,0.0,0,0.0,0,0.0,0.0,0.0,0.0,LOW,0,NO MODEL DETECTION,NO IMMEDIATE ACTION
E000022,U017,2026-03-02 09:06:00,file_access,0.0,0.0,0,0.0,0,0.0,0.0,0.0,0.0,LOW,0,NO MODEL DETECTION,NO IMMEDIATE ACTION
E000034,U017,2026-03-02 09:56:00,file_access,0.0,0.0,0,0.0,0,0.0,0.0,0.0,0.0,LOW,0,NO MODEL DETECTION,NO IMMEDIATE ACTION
E000038,U017,2026-03-02 10:19:00,file_access,0.0,0.0,0,0.0,0,0.0,0.0,0.0,0.0,LOW,0,NO MODEL DETECTION,NO IMMEDIATE ACTION
E000060,U003,2026-03-02 15:01:00,transaction,0.0,0.0,0,0.0,0,0.0,0.0,0.0,0.0,LOW,0,NO MODEL DETECTION,NO IMMEDIATE ACTION
E000125,U017,2026-03-03 10:58:00,file_access,0.0,0.0,0,0.0,0,0.0,0.0,0.0,0.0,LOW,0,NO MODEL DETECTION,NO IMMEDIATE ACTION
E000127,U017,2026-03-03 11:15:00,file_access,0.0,0.0,0,0.0,0,0.0,0.0,0.0,0.0,LOW,0,NO MODEL DETECTION,NO IMMEDIATE ACTION
E000130,U017,2026-03-03 11:32:00,file_access,0.0,0.0,0,0.0,0,0.0,0.0,0.0,0.0,LOW,0,NO MODEL DETECTION,NO IMMEDIATE ACTION
E000066,U003,2026-03-02 15:43:00,file_access,0.0,0.0,0,0.0,0,0.0,0.0,0.0,0.0,LOW,0,NO MODEL DETECTION,NO IMMEDIATE ACTION
E000194,U017,2026-03-04 10:32:00,file_access,0.0,0.0,0,0.0,0,0.0,0.0,0.0,0.0,LOW,0,NO MODEL DETECTION,NO IMMEDIATE ACTION
E000195,U017,2026-03-04 10:36:00,file_access,0.0,0.0,0,0.0,0,0.0,0.0,0.0,0.0,LOW,0,NO MODEL DETECTION,NO IMMEDIATE ACTION
E000202,U017,2026-03-04 11:58:00,file_access,0.0,0.0,0,0.0,0,0.0,0.0,0.0,0.0,LOW,0,NO MODEL DETECTION,NO IMMEDIATE ACTION
E000262,U017,2026-03-05 10:39:00,login,0.0,0.0,0,0.0,0,0.0,0.0,0.0,0.0,LOW,0,NO MODEL DETECTION,NO IMMEDIATE ACTION
E000266,U017,2026-03-05 10:55:00,file_access,0.0,0.0,0,0.0,0,0.0,0.0,0.0,0.0,LOW,0,NO MODEL DETECTION,NO IMMEDIATE ACTION
E000268,U017,2026-03-05 11:05:00,file_access,0.0,0.0,0,0.0,0,0.0,0.0,0.0,0.0,LOW,0,NO MODEL DETECTION,NO IMMEDIATE ACTION
E000274,U017,2026-03-05 11:59:00,file_access,0.0,0.0,0,0.0,0,0.0,0.0,0.0,0.0,LOW,0,NO MODEL DETECTION,NO IMMEDIATE ACTION
E000328,U017,2026-03-06 10:52:00,login,0.0,0.0,0,0.0,0,0.0,0.0,0.0,0.0,LOW,0,NO MODEL DETECTION,NO IMMEDIATE ACTION
E000331,U017,2026-03-06 11:07:00,file_access,0.0,0.0,0,0.0,0,0.0,0.0,0.0,0.0,LOW,0,NO MODEL DETECTION,NO IMMEDIATE ACTION
E000149,U003,2026-03-03 15:52:00,file_access,0.0,0.0,0,0.0,0,0.0,0.0,0.0,0.0,LOW,0,NO MODEL DETECTION,NO IMMEDIATE ACTION
E000410,U017,2026-03-07 10:44:00,file_access,0.0,0.0,0,0.0,0,0.0,0.0,0.0,0.0,LOW,0,NO MODEL DETECTION,NO IMMEDIATE ACTION
E000415,U017,2026-03-07 11:00:00,file_access,0.0,0.0,0,0.0,0,0.0,0.0,0.0,0.0,LOW,0,NO MODEL DETECTION,NO IMMEDIATE ACTION
E000208,U003,2026-03-04 14:09:00,file_access,0.0,0.0,0,0.0,0,0.0,0.0,0.0,0.0,LOW,0,NO MODEL DETECTION,NO IMMEDIATE ACTION
E000468,U017,2026-03-08 09:26:00,file_access,0.0,0.0,0,0.0,0,0.0,0.0,0.0,0.0,LOW,0,NO MODEL DETECTION,NO IMMEDIATE ACTION
E000476,U017,2026-03-08 10:16:00,file_access,0.0,0.0,0,0.0,0,0.0,0.0,0.0,0.0,LOW,0,NO MODEL DETECTION,NO IMMEDIATE ACTION
E000545,U017,2026-03-09 10:13:00,login,0.0,0.0,0,0.0,0,0.0,0.0,0.0,0.0,LOW,0,NO MODEL DETECTION,NO IMMEDIATE ACTION
E000552,U017,2026-03-09 11:35:00,file_access,0.0,0.0,0,0.0,0,0.0,0.0,0.0,0.0,LOW,0,NO MODEL DETECTION,NO IMMEDIATE ACTION
E000556,U017,2026-03-09 12:08:00,file_access,0.0,0.0,0,0.0,0,0.0,0.0,0.0,0.0,LOW,0,NO MODEL DETECTION,NO IMMEDIATE ACTION
E000625,U017,2026-03-10 10:23:00,login,0.0,0.0,0,0.0,0,0.0,0.0,0.0,0.0,LOW,0,NO MODEL DETECTION,NO IMMEDIATE ACTION
E000209,U003,2026-03-04 14:32:00,file_access,0.0,0.0,0,0.0,0,0.0,0.0,0.0,0.0,LOW,0,NO MODEL DETECTION,NO IMMEDIATE ACTION
E000633,U017,2026-03-10 10:58:00,file_access,0.0,0.0,0,0.0,0,0.0,0.0,0.0,0.0,LOW,0,NO MODEL DETECTION,NO IMMEDIATE ACTION
E000635,U017,2026-03-10 11:02:00,file_access,0.0,0.0,0,0.0,0,0.0,0.0,0.0,0.0,LOW,0,NO MODEL DETECTION,NO IMMEDIATE ACTION
E000637,U017,2026-03-10 11:39:00,file_access,0.0,0.0,0,0.0,0,0.0,0.0,0.0,0.0,LOW,0,NO MODEL DETECTION,NO IMMEDIATE ACTION
E000707,U017,2026-03-11 10:55:00,login,0.0,0.0,0,0.0,0,0.0,0.0,0.0,0.0,LOW,0,NO MODEL DETECTION,NO IMMEDIATE ACTION
E000716,U017,2026-03-11 12:44:00,file_access,0.0,0.0,0,0.0,0,0.0,0.0,0.0,0.0,LOW,0,NO MODEL DETECTION,NO IMMEDIATE ACTION
E000216,U003,2026-03-04 15:19:00,file_access,0.0,0.0,0,0.0,0,0.0,0.0,0.0,0.0,LOW,0,NO MODEL DETECTION,NO IMMEDIATE ACTION
E000039,U018,2026-03-02 10:20:00,file_access,0.0,0.0,0,0.0,0,0.0,0.0,0.0,0.0,LOW,0,NO MODEL DETECTION,NO IMMEDIATE ACTION
E000286,U003,2026-03-05 15:05:00,file_access,0.0,0.0,0,0.0,0,0.0,0.0,0.0,0.0,LOW,0,NO MODEL DETECTION,NO IMMEDIATE ACTION
E000046,U018,2026-03-02 11:07:00,file_access,0.0,0.0,0,0.0,0,0.0,0.0,0.0,0.0,LOW,0,NO MODEL DETECTION,NO IMMEDIATE ACTION
E000119,U018,2026-03-03 10:03:00,login,0.0,0.0,0,0.0,0,0.0,0.0,0.0,0.0,LOW,0,NO MODEL DETECTION,NO IMMEDIATE ACTION
E000123,U018,2026-03-03 10:44:00,file_access,0.0,0.0,0,0.0,0,0.0,0.0,0.0,0.0,LOW,0,NO MODEL DETECTION,NO IMMEDIATE ACTION
E000133,U018,2026-03-03 13:00:00,transaction,0.0,0.0,0,0.0,0,0.0,0.0,0.0,0.0,LOW,0,NO MODEL DETECTION,NO IMMEDIATE ACTION
E000287,U003,2026-03-05 15:07:00,transaction,0.0,0.0,0,0.0,0,0.0,0.0,0.0,0.0,LOW,0,NO MODEL DETECTION,NO IMMEDIATE ACTION
E000198,U018,2026-03-04 11:10:00,transaction,0.0,0.0,0,0.0,0,0.0,0.0,0.0,0.0,LOW,0,NO MODEL DETECTION,NO IMMEDIATE ACTION
E000199,U018,2026-03-04 11:24:00,file_access,0.0,0.0,0,0.0,0,0.0,0.0,0.0,0.0,LOW,0,NO MODEL DETECTION,NO IMMEDIATE ACTION
E000261,U018,2026-03-05 10:35:00,login,0.0,0.0,0,0.0,0,0.0,0.0,0.0,0.0,LOW,0,NO MODEL DETECTION,NO IMMEDIATE ACTION
E000265,U018,2026-03-05 10:49:00,file_access,0.0,0.0,0,0.0,0,0.0,0.0,0.0,0.0,LOW,0,NO MODEL DETECTION,NO IMMEDIATE ACTION
E000271,U018,2026-03-05 11:37:00,file_access,0.0,0.0,0,0.0,0,0.0,0.0,0.0,0.0,LOW,0,NO MODEL DETECTION,NO IMMEDIATE ACTION
E000277,U018,2026-03-05 13:24:00,transaction,0.0,0.0,0,0.0,0,0.0,0.0,0.0,0.0,LOW,0,NO MODEL DETECTION,NO IMMEDIATE ACTION
E000327,U018,2026-03-06 10:50:00,login,0.0,0.0,0,0.0,0,0.0,0.0,0.0,0.0,LOW,0,NO MODEL DETECTION,NO IMMEDIATE ACTION
E000332,U018,2026-03-06 11:10:00,transaction,0.0,0.0,0,0.0,0,0.0,0.0,0.0,0.0,LOW,0,NO MODEL DETECTION,NO IMMEDIATE ACTION
E000333,U018,2026-03-06 11:20:00,file_access,0.0,0.0,0,0.0,0,0.0,0.0,0.0,0.0,LOW,0,NO MODEL DETECTION,NO IMMEDIATE ACTION
E000338,U018,2026-03-06 12:06:00,file_access,0.0,0.0,0,0.0,0,0.0,0.0,0.0,0.0,LOW,0,NO MODEL DETECTION,NO IMMEDIATE ACTION
E000408,U018,2026-03-07 10:33:00,login,0.0,0.0,0,0.0,0,0.0,0.0,0.0,0.0,LOW,0,NO MODEL DETECTION,NO IMMEDIATE ACTION
E000411,U018,2026-03-07 10:55:00,file_access,0.0,0.0,0,0.0,0,0.0,0.0,0.0,0.0,LOW,0,NO MODEL DETECTION,NO IMMEDIATE ACTION
E000413,U018,2026-03-07 10:57:00,file_access,0.0,0.0,0,0.0,0,0.0,0.0,0.0,0.0,LOW,0,NO MODEL DETECTION,NO IMMEDIATE ACTION
E000521,U015,2026-03-09 03:53:00,file_access,0.0,0.0,0,0.0,0,0.0,0.0,0.0,0.0,LOW,0,NO MODEL DETECTION,NO IMMEDIATE ACTION
E000477,U018,2026-03-08 10:32:00,login,0.0,0.0,0,0.0,0,0.0,0.0,0.0,0.0,LOW,0,NO MODEL DETECTION,NO IMMEDIATE ACTION
E000485,U018,2026-03-08 11:15:00,file_access,0.0,0.0,0,0.0,0,0.0,0.0,0.0,0.0,LOW,0,NO MODEL DETECTION,NO IMMEDIATE ACTION
E000486,U018,2026-03-08 11:24:00,file_access,0.0,0.0,0,0.0,0,0.0,0.0,0.0,0.0,LOW,0,NO MODEL DETECTION,NO IMMEDIATE ACTION
E000488,U018,2026-03-08 11:45:00,file_access,0.0,0.0,0,0.0,0,0.0,0.0,0.0,0.0,LOW,0,NO MODEL DETECTION,NO IMMEDIATE ACTION
E000549,U018,2026-03-09 10:44:00,login,0.0,0.0,0,0.0,0,0.0,0.0,0.0,0.0,LOW,0,NO MODEL DETECTION,NO IMMEDIATE ACTION
E000550,U018,2026-03-09 10:52:00,file_access,0.0,0.0,0,0.0,0,0.0,0.0,0.0,0.0,LOW,0,NO MODEL DETECTION,NO IMMEDIATE ACTION
E000551,U018,2026-03-09 11:22:00,file_access,0.0,0.0,0,0.0,0,0.0,0.0,0.0,0.0,LOW,0,NO MODEL DETECTION,NO IMMEDIATE ACTION
E000292,U003,2026-03-05 15:46:00,file_access,0.0,0.0,0,0.0,0,0.0,0.0,0.0,0.0,LOW,0,NO MODEL DETECTION,NO IMMEDIATE ACTION
E000555,U018,2026-03-09 12:02:00,file_access,0.0,0.0,0,0.0,0,0.0,0.0,0.0,0.0,LOW,0,NO MODEL DETECTION,NO IMMEDIATE ACTION
E000352,U003,2026-03-06 14:25:00,file_access,0.0,0.0,0,0.0,0,0.0,0.0,0.0,0.0,LOW,0,NO MODEL DETECTION,NO IMMEDIATE ACTION
E000615,U018,2026-03-10 09:16:00,file_access,0.0,0.0,0,0.0,0,0.0,0.0,0.0,0.0,LOW,0,NO MODEL DETECTION,NO IMMEDIATE ACTION
E000619,U018,2026-03-10 09:45:00,file_access,0.0,0.0,0,0.0,0,0.0,0.0,0.0,0.0,LOW,0,NO MODEL DETECTION,NO IMMEDIATE ACTION
E000626,U018,2026-03-10 10:43:00,file_access,0.0,0.0,0,0.0,0,0.0,0.0,0.0,0.0,LOW,0,NO MODEL DETECTION,NO IMMEDIATE ACTION
E000357,U003,2026-03-06 15:04:00,file_access,0.0,0.0,0,0.0,0,0.0,0.0,0.0,0.0,LOW,0,NO MODEL DETECTION,NO IMMEDIATE ACTION
E000358,U003,2026-03-06 15:11:00,file_access,0.0,0.0,0,0.0,0,0.0,0.0,0.0,0.0,LOW,0,NO MODEL DETECTION,NO IMMEDIATE ACTION
E000699,U018,2026-03-11 10:16:00,file_access,0.0,0.0,0,0.0,0,0.0,0.0,0.0,0.0,LOW,0,NO MODEL DETECTION,NO IMMEDIATE ACTION
E000705,U018,2026-03-11 10:41:00,file_access,0.0,0.0,0,0.0,0,0.0,0.0,0.0,0.0,LOW,0,NO MODEL DETECTION,NO IMMEDIATE ACTION
E000709,U018,2026-03-11 11:00:00,transaction,0.0,0.0,0,0.0,0,0.0,0.0,0.0,0.0,LOW,0,NO MODEL DETECTION,NO IMMEDIATE ACTION
E000711,U018,2026-03-11 11:08:00,file_access,0.0,0.0,0,0.0,0,0.0,0.0,0.0,0.0,LOW,0,NO MODEL DETECTION,NO IMMEDIATE ACTION
E000363,U003,2026-03-06 16:33:00,transaction,0.0,0.0,0,0.0,0,0.0,0.0,0.0,0.0,LOW,0,NO MODEL DETECTION,NO IMMEDIATE ACTION
E000010,U019,2026-03-02 02:57:00,file_access,0.0,0.0,0,0.0,0,0.0,0.0,0.0,0.0,LOW,0,NO MODEL DETECTION,NO IMMEDIATE ACTION
E000011,U019,2026-03-02 03:05:00,file_access,0.0,0.0,0,0.0,0,0.0,0.0,0.0,0.0,LOW,0,NO MODEL DETECTION,NO IMMEDIATE ACTION
E000425,U003,2026-03-07 14:28:00,file_access,0.0,0.0,0,0.0,0,0.0,0.0,0.0,0.0,LOW,0,NO MODEL DETECTION,NO IMMEDIATE ACTION
E000076,U019,2026-03-03 03:00:00,file_access,0.0,0.0,0,0.0,0,0.0,0.0,0.0,0.0,LOW,0,NO MODEL DETECTION,NO IMMEDIATE ACTION
E000087,U019,2026-03-03 03:50:00,file_access,0.0,0.0,0,0.0,0,0.0,0.0,0.0,0.0,LOW,0,NO MODEL DETECTION,NO IMMEDIATE ACTION
E000430,U003,2026-03-07 15:02:00,file_access,0.0,0.0,0,0.0,0,0.0,0.0,0.0,0.0,LOW,0,NO MODEL DETECTION,NO IMMEDIATE ACTION
E000089,U019,2026-03-03 04:00:00,file_access,0.0,0.0,0,0.0,0,0.0,0.0,0.0,0.0,LOW,0,NO MODEL DETECTION,NO IMMEDIATE ACTION
E000497,U003,2026-03-08 14:57:00,transaction,0.0,0.0,0,0.0,0,0.0,0.0,0.0,0.0,LOW,0,NO MODEL DETECTION,NO IMMEDIATE ACTION
E000158,U019,2026-03-04 01:37:00,file_access,0.0,0.0,0,0.0,0,0.0,0.0,0.0,0.0,LOW,0,NO MODEL DETECTION,NO IMMEDIATE ACTION
E000161,U019,2026-03-04 02:04:00,transaction,0.0,0.0,0,0.0,0,0.0,0.0,0.0,0.0,LOW,0,NO MODEL DETECTION,NO IMMEDIATE ACTION
E000163,U019,2026-03-04 02:10:00,file_access,0.0,0.0,0,0.0,0,0.0,0.0,0.0,0.0,LOW,0,NO MODEL DETECTION,NO IMMEDIATE ACTION
E000503,U003,2026-03-08 16:10:00,file_access,0.0,0.0,0,0.0,0,0.0,0.0,0.0,0.0,LOW,0,NO MODEL DETECTION,NO IMMEDIATE ACTION
E000234,U019,2026-03-05 03:06:00,file_access,0.0,0.0,0,0.0,0,0.0,0.0,0.0,0.0,LOW,0,NO MODEL DETECTION,NO IMMEDIATE ACTION
E000239,U019,2026-03-05 03:45:00,file_access,0.0,0.0,0,0.0,0,0.0,0.0,0.0,0.0,LOW,0,NO MODEL DETECTION,NO IMMEDIATE ACTION
E000243,U019,2026-03-05 04:32:00,transaction,0.0,0.0,0,0.0,0,0.0,0.0,0.0,0.0,LOW,0,NO MODEL DETECTION,NO IMMEDIATE ACTION
E000572,U003,2026-03-09 15:38:00,file_access,0.0,0.0,0,0.0,0,0.0,0.0,0.0,0.0,LOW,0,NO MODEL DETECTION,NO IMMEDIATE ACTION
E000302,U019,2026-03-06 02:30:00,transaction,0.0,0.0,0,0.0,0,0.0,0.0,0.0,0.0,LOW,0,NO MODEL DETECTION,NO IMMEDIATE ACTION
E000307,U019,2026-03-06 03:31:00,file_access,0.0,0.0,0,0.0,0,0.0,0.0,0.0,0.0,LOW,0,NO MODEL DETECTION,NO IMMEDIATE ACTION
E000574,U003,2026-03-09 15:47:00,file_access,0.0,0.0,0,0.0,0,0.0,0.0,0.0,0.0,LOW,0,NO MODEL DETECTION,NO IMMEDIATE ACTION
E000369,U019,2026-03-07 01:31:00,file_access,0.0,0.0,0,0.0,0,0.0,0.0,0.0,0.0,LOW,0,NO MODEL DETECTION,NO IMMEDIATE ACTION
E000372,U019,2026-03-07 01:49:00,transaction,0.0,0.0,0,0.0,0,0.0,0.0,0.0,0.0,LOW,0,NO MODEL DETECTION,NO IMMEDIATE ACTION
E000578,U003,2026-03-09 16:05:00,file_access,0.0,0.0,0,0.0,0,0.0,0.0,0.0,0.0,LOW,0,NO MODEL DETECTION,NO IMMEDIATE ACTION
E000446,U019,2026-03-08 02:56:00,file_access,0.0,0.0,0,0.0,0,0.0,0.0,0.0,0.0,LOW,0,NO MODEL DETECTION,NO IMMEDIATE ACTION
E000447,U019,2026-03-08 03:00:00,transaction,0.0,0.0,0,0.0,0,0.0,0.0,0.0,0.0,LOW,0,NO MODEL DETECTION,NO IMMEDIATE ACTION
E000645,U003,2026-03-10 13:52:00,transaction,0.0,0.0,0,0.0,0,0.0,0.0,0.0,0.0,LOW,0,NO MODEL DETECTION,NO IMMEDIATE ACTION
E000517,U019,2026-03-09 03:24:00,file_access,0.0,0.0,0,0.0,0,0.0,0.0,0.0,0.0,LOW,0,NO MODEL DETECTION,NO IMMEDIATE ACTION
E000523,U019,2026-03-09 05:00:00,transaction,0.0,0.0,0,0.0,0,0.0,0.0,0.0,0.0,LOW,0,NO MODEL DETECTION,NO IMMEDIATE ACTION
E000647,U003,2026-03-10 14:36:00,file_access,0.0,0.0,0,0.0,0,0.0,0.0,0.0,0.0,LOW,0,NO MODEL DETECTION,NO IMMEDIATE ACTION
E000581,U019,2026-03-10 00:35:00,file_access,0.0,0.0,0,0.0,0,0.0,0.0,0.0,0.0,LOW,0,NO MODEL DETECTION,NO IMMEDIATE ACTION
E000731,U003,2026-03-11 15:42:00,file_access,0.0,0.0,0,0.0,0,0.0,0.0,0.0,0.0,LOW,0,NO MODEL DETECTION,NO IMMEDIATE ACTION
E000736,U003,2026-03-11 17:47:00,transaction,0.0,0.0,0,0.0,0,0.0,0.0,0.0,0.0,LOW,0,NO MODEL DETECTION,NO IMMEDIATE ACTION
E000660,U019,2026-03-11 02:02:00,file_access,0.0,0.0,0,0.0,0,0.0,0.0,0.0,0.0,LOW,0,NO MODEL DETECTION,NO IMMEDIATE ACTION
E000675,U019,2026-03-11 03:31:00,transaction,0.0,0.0,0,0.0,0,0.0,0.0,0.0,0.0,LOW,0,NO MODEL DETECTION,NO IMMEDIATE ACTION
E000021,U004,2026-03-02 09:00:00,login,0.0,0.0,0,0.0,0,0.0,0.0,0.0,0.0,LOW,0,NO MODEL DETECTION,NO IMMEDIATE ACTION
E000070,U020,2026-03-02 16:37:00,file_access,0.0,0.0,0,0.0,0,0.0,0.0,0.0,0.0,LOW,0,NO MODEL DETECTION,NO IMMEDIATE ACTION
E000071,U020,2026-03-02 17:07:00,transaction,0.0,0.0,0,0.0,0,0.0,0.0,0.0,0.0,LOW,0,NO MODEL DETECTION,NO IMMEDIATE ACTION
E000072,U020,2026-03-02 17:31:00,file_access,0.0,0.0,0,0.0,0,0.0,0.0,0.0,0.0,LOW,0,NO MODEL DETECTION,NO IMMEDIATE ACTION
E000141,U020,2026-03-03 14:45:00,login,0.0,0.0,0,0.0,0,0.0,0.0,0.0,0.0,LOW,0,NO MODEL DETECTION,NO IMMEDIATE ACTION
E000142,U020,2026-03-03 14:51:00,file_access,0.0,0.0,0,0.0,0,0.0,0.0,0.0,0.0,LOW,0,NO MODEL DETECTION,NO IMMEDIATE ACTION
E000152,U020,2026-03-03 17:20:00,transaction,0.0,0.0,0,0.0,0,0.0,0.0,0.0,0.0,LOW,0,NO MODEL DETECTION,NO IMMEDIATE ACTION
E000042,U004,2026-03-02 10:44:00,file_access,0.0,0.0,0,0.0,0,0.0,0.0,0.0,0.0,LOW,0,NO MODEL DETECTION,NO IMMEDIATE ACTION
E000051,U004,2026-03-02 12:08:00,transaction,0.0,0.0,0,0.0,0,0.0,0.0,0.0,0.0,LOW,0,NO MODEL DETECTION,NO IMMEDIATE ACTION
E000214,U020,2026-03-04 14:50:00,file_access,0.0,0.0,0,0.0,0,0.0,0.0,0.0,0.0,LOW,0,NO MODEL DETECTION,NO IMMEDIATE ACTION
E000215,U020,2026-03-04 15:04:00,file_access,0.0,0.0,0,0.0,0,0.0,0.0,0.0,0.0,LOW,0,NO MODEL DETECTION,NO IMMEDIATE ACTION
E000218,U020,2026-03-04 15:53:00,file_access,0.0,0.0,0,0.0,0,0.0,0.0,0.0,0.0,LOW,0,NO MODEL DETECTION,NO IMMEDIATE ACTION
E000278,U020,2026-03-05 14:16:00,login,0.0,0.0,0,0.0,0,0.0,0.0,0.0,0.0,LOW,0,NO MODEL DETECTION,NO IMMEDIATE ACTION
E000280,U020,2026-03-05 14:28:00,transaction,0.0,0.0,0,0.0,0,0.0,0.0,0.0,0.0,LOW,0,NO MODEL DETECTION,NO IMMEDIATE ACTION
E000284,U020,2026-03-05 14:51:00,file_access,0.0,0.0,0,0.0,0,0.0,0.0,0.0,0.0,LOW,0,NO MODEL DETECTION,NO IMMEDIATE ACTION
E000285,U020,2026-03-05 15:03:00,file_access,0.0,0.0,0,0.0,0,0.0,0.0,0.0,0.0,LOW,0,NO MODEL DETECTION,NO IMMEDIATE ACTION
E000347,U020,2026-03-06 14:03:00,login,0.0,0.0,0,0.0,0,0.0,0.0,0.0,0.0,LOW,0,NO MODEL DETECTION,NO IMMEDIATE ACTION
E000351,U020,2026-03-06 14:23:00,file_access,0.0,0.0,0,0.0,0,0.0,0.0,0.0,0.0,LOW,0,NO MODEL DETECTION,NO IMMEDIATE ACTION
E000353,U020,2026-03-06 14:28:00,file_access,0.0,0.0,0,0.0,0,0.0,0.0,0.0,0.0,LOW,0,NO MODEL DETECTION,NO IMMEDIATE ACTION
E000361,U020,2026-03-06 16:02:00,file_access,0.0,0.0,0,0.0,0,0.0,0.0,0.0,0.0,LOW,0,NO MODEL DETECTION,NO IMMEDIATE ACTION
E000364,U020,2026-03-06 16:56:00,transaction,0.0,0.0,0,0.0,0,0.0,0.0,0.0,0.0,LOW,0,NO MODEL DETECTION,NO IMMEDIATE ACTION
E000096,U004,2026-03-03 08:07:00,login,0.0,0.0,0,0.0,0,0.0,0.0,0.0,0.0,LOW,0,NO MODEL DETECTION,NO IMMEDIATE ACTION
E000421,U020,2026-03-07 13:36:00,file_access,0.0,0.0,0,0.0,0,0.0,0.0,0.0,0.0,LOW,0,NO MODEL DETECTION,NO IMMEDIATE ACTION
E000098,U004,2026-03-03 08:29:00,file_access,0.0,0.0,0,0.0,0,0.0,0.0,0.0,0.0,LOW,0,NO MODEL DETECTION,NO IMMEDIATE ACTION
E000496,U020,2026-03-08 14:48:00,login,0.0,0.0,0,0.0,0,0.0,0.0,0.0,0.0,LOW,0,NO MODEL DETECTION,NO IMMEDIATE ACTION
E000504,U020,2026-03-08 16:30:00,file_access,0.0,0.0,0,0.0,0,0.0,0.0,0.0,0.0,LOW,0,NO MODEL DETECTION,NO IMMEDIATE ACTION
E000505,U020,2026-03-08 16:35:00,file_access,0.0,0.0,0,0.0,0,0.0,0.0,0.0,0.0,LOW,0,NO MODEL DETECTION,NO IMMEDIATE ACTION
E000506,U020,2026-03-08 16:44:00,file_access,0.0,0.0,0,0.0,0,0.0,0.0,0.0,0.0,LOW,0,NO MODEL DETECTION,NO IMMEDIATE ACTION
E000507,U020,2026-03-08 17:13:00,transaction,0.0,0.0,0,0.0,0,0.0,0.0,0.0,0.0,LOW,0,NO MODEL DETECTION,NO IMMEDIATE ACTION
E000112,U004,2026-03-03 09:37:00,file_access,0.0,0.0,0,0.0,0,0.0,0.0,0.0,0.0,LOW,0,NO MODEL DETECTION,NO IMMEDIATE ACTION
E000564,U020,2026-03-09 14:58:00,file_access,0.0,0.0,0,0.0,0,0.0,0.0,0.0,0.0,LOW,0,NO MODEL DETECTION,NO IMMEDIATE ACTION
E000571,U020,2026-03-09 15:34:00,transaction,0.0,0.0,0,0.0,0,0.0,0.0,0.0,0.0,LOW,0,NO MODEL DETECTION,NO IMMEDIATE ACTION
E000646,U020,2026-03-10 14:28:00,login,0.0,0.0,0,0.0,0,0.0,0.0,0.0,0.0,LOW,0,NO MODEL DETECTION,NO IMMEDIATE ACTION
E000655,U020,2026-03-10 16:00:00,file_access,0.0,0.0,0,0.0,0,0.0,0.0,0.0,0.0,LOW,0,NO MODEL DETECTION,NO IMMEDIATE ACTION
E000656,U020,2026-03-10 16:48:00,transaction,0.0,0.0,0,0.0,0,0.0,0.0,0.0,0.0,LOW,0,NO MODEL DETECTION,NO IMMEDIATE ACTION
E000722,U020,2026-03-11 14:32:00,login,0.0,0.0,0,0.0,0,0.0,0.0,0.0,0.0,LOW,0,NO MODEL DETECTION,NO IMMEDIATE ACTION
E000730,U020,2026-03-11 15:35:00,file_access,0.0,0.0,0,0.0,0,0.0,0.0,0.0,0.0,LOW,0,NO MODEL DETECTION,NO IMMEDIATE ACTION
E000732,U020,2026-03-11 15:48:00,file_access,0.0,0.0,0,0.0,0,0.0,0.0,0.0,0.0,LOW,0,NO MODEL DETECTION,NO IMMEDIATE ACTION
E000735,U020,2026-03-11 16:23:00,transaction,0.0,0.0,0,0.0,0,0.0,0.0,0.0,0.0,LOW,0,NO MODEL DETECTION,NO IMMEDIATE ACTION
