event_id,user_id,timestamp,event_type,resource_id,sensitive_resource_flag,records_accessed,device_id,new_device_flag,permission_change_flag,new_permission_level,beneficiary_id,new_beneficiary_flag,transaction_amount
E000001,U006,2026-03-02T01:05:00,login,,0,0,DEV-015,0,0,,,0,0.0
E000002,U019,2026-03-02T01:34:00,login,,0,0,DEV-024,0,0,,,0,0.0
E000003,U015,2026-03-02T01:49:00,login,,0,0,DEV-013,0,0,,,0,0.0
E000004,U015,2026-03-02T02:00:00,file_access,RES-016,0,14,DEV-013,0,0,,,0,0.0
E000005,U012,2026-03-02T02:22:00,login,,0,0,DEV-028,0,0,,,0,0.0
E000006,U015,2026-03-02T02:24:00,file_access,RES-020,0,4,DEV-013,0,0,,,0,0.0
E000007,U013,2026-03-02T02:31:00,login,,0,0,DEV-001,0,0,,,0,0.0
E000008,U006,2026-03-02T02:42:00,file_access,RES-027,0,16,DEV-015,0,0,,,0,0.0
E000009,U012,2026-03-02T02:50:00,file_access,RES-056,0,5,DEV-028,0,0,,,0,0.0
E000010,U019,2026-03-02T02:57:00,file_access,RES-031,0,7,DEV-024,0,0,,,0,0.0
E000011,U019,2026-03-02T03:05:00,file_access,RES-050,0,9,DEV-024,0,0,,,0,0.0
E000012,U013,2026-03-02T03:33:00,file_access,RES-044,0,19,DEV-001,0,0,,,0,0.0
E000013,U013,2026-03-02T04:12:00,file_access,RES-037,0,19,DEV-001,0,0,,,0,0.0
E000014,U012,2026-03-02T04:14:00,transaction,,0,0,DEV-028,0,0,,BEN-001,0,908.47
E000015,U015,2026-03-02T04:38:00,transaction,,0,0,DEV-013,0,0,,BEN-015,0,84.17
E000016,U013,2026-03-02T05:20:00,transaction,,0,0,DEV-001,0,0,,BEN-011,0,71.03
E000017,U016,2026-03-02T08:02:00,login,,0,0,DEV-008,0,0,,,0,0.0
E000018,U001,2026-03-02T08:14:00,login,,0,0,DEV-028,0,0,,,0,0.0
E000019,U002,2026-03-02T08:37:00,login,,0,0,DEV-015,0,0,,,0,0.0
E000020,U017,2026-03-02T08:52:00,login,,0,0,DEV-032,0,0,,,0,0.0
E000021,U004,2026-03-02T09:00:00,login,,0,0,DEV-003,0,0,,,0,0.0
E000022,U017,2026-03-02T09:06:00,file_access,RES-009,1,11,DEV-032,0,0,,,0,0.0
E000023,U002,2026-03-02T09:08:00,file_access,RES-043,0,11,DEV-015,0,0,,,0,0.0
E000024,U018,2026-03-02T09:10:00,login,,0,0,DEV-039,0,0,,,0,0.0
E000025,U002,2026-03-02T09:12:00,file_access,RES-017,0,13,DEV-015,0,0,,,0,0.0
E000026,U014,2026-03-02T09:14:00,login,,0,0,DEV-017,0,0,,,0,0.0
E000027,U001,2026-03-02T09:24:00,transaction,,0,0,DEV-028,0,0,,BEN-009,0,559.07
E000028,U016,2026-03-02T09:25:00,file_access,RES-028,0,9,DEV-008,0,0,,,0,0.0
E000029,U007,2026-03-02T09:28:00,login,,0,0,DEV-005,0,0,,,0,0.0
E000030,U016,2026-03-02T09:28:00,file_access,RES-051,0,2,DEV-008,0,0,,,0,0.0
E000031,U014,2026-03-02T09:38:00,file_access,RES-005,1,10,DEV-017,0,0,,,0,0.0
E000032,U002,2026-03-02T09:48:00,file_access,RES-021,0,9,DEV-015,0,0,,,0,0.0
E000033,U014,2026-03-02T09:49:00,transaction,,0,0,DEV-017,0,0,,BEN-024,0,0
E000034,U017,2026-03-02T09:56:00,file_access,RES-044,0,17,DEV-032,0,0,,,0,0.0
E000035,U016,2026-03-02T09:58:00,file_access,RES-059,0,12,DEV-008,0,0,,,0,0.0
E000036,U007,2026-03-02T10:11:00,file_access,RES-056,0,19,DEV-005,0,0,,,0,0.0
E000037,U001,2026-03-02T10:14:00,file_access,RES-003,1,11,DEV-028,0,0,,,0,0.0
E000038,U017,2026-03-02T10:19:00,file_access,RES-005,1,15,DEV-032,0,0,,,0,0.0
E000039,U018,2026-03-02T10:20:00,file_access,RES-030,0,16,DEV-039,0,0,,,0,0.0
E000040,U009,2026-03-02T10:26:00,login,,0,0,DEV-014,0,0,,,0,0.0
E000041,U007,2026-03-02T10:27:00,file_access,RES-020,0,19,DEV-005,0,0,,,0,0.0
E000042,U004,2026-03-02T10:44:00,file_access,RES-028,0,8,DEV-003,0,0,,,0,0.0
E000043,U009,2026-03-02T10:52:00,file_access,RES-012,0,3,DEV-014,0,0,,,0,0.0
E000044,U016,2026-03-02T10:55:00,transaction,,0,0,DEV-008,0,0,,BEN-013,0,2547.23
E000045,U018,2026-03-02T11:00:00,transaction,,0,0,DEV-039,0,0,,BEN-007,0,192.42
E000046,U018,2026-03-02T11:07:00,file_access,RES-020,0,16,DEV-039,0,0,,,0,0.0
E000047,U002,2026-03-02T11:32:00,transaction,,0,0,DEV-015,0,0,,BEN-025,0,24.67
E000048,U009,2026-03-02T11:37:00,transaction,,0,0,DEV-014,0,0,,BEN-008,0,0
E000049,U009,2026-03-02T11:49:00,file_access,RES-056,0,13,DEV-014,0,0,,,0,0.0
E000050,U009,2026-03-02T11:58:00,file_access,RES-051,0,6,DEV-014,0,0,,,0,0.0
E000051,U004,2026-03-02T12:08:00,transaction,,0,0,DEV-003,0,0,,BEN-008,0,1150.8
E000052,U007,2026-03-02T12:14:00,transaction,,0,0,DEV-005,0,0,,BEN-024,0,519.64
E000053,U003,2026-03-02T13:55:00,login,,0,0,DEV-018,0,0,,,0,0.0
E000054,U010,2026-03-02T14:01:00,login,,0,0,DEV-017,0,0,,,0,0.0
E000055,U003,2026-03-02T14:20:00,file_access,RES-051,0,4,DEV-018,0,0,,,0,0.0
E000056,U008,2026-03-02T14:26:00,login,,0,0,DEV-036,0,0,,,0,0.0
E000057,U003,2026-03-02T14:48:00,file_access,RES-056,0,2,DEV-018,0,0,,,0,0.0
E000058,U005,2026-03-02T14:53:00,login,,0,0,DEV-024,0,0,,,0,0.0
E000059,U008,2026-03-02T14:59:00,file_access,RES-054,0,4,DEV-036,0,0,,,0,0.0
E000060,U003,2026-03-02T15:01:00,transaction,,0,0,DEV-018,0,0,,BEN-012,0,453.27
E000061,U008,2026-03-02T15:06:00,transaction,,0,0,DEV-036,0,0,,BEN-023,0,594.17
E000062,U010,2026-03-02T15:24:00,file_access,RES-015,0,3,DEV-017,0,0,,,0,0.0
E000063,U010,2026-03-02T15:27:00,file_access,RES-053,0,15,DEV-017,0,0,,,0,0.0
E000064,U005,2026-03-02T15:30:00,file_access,RES-054,0,3,DEV-024,0,0,,,0,0.0
E000065,U020,2026-03-02T15:33:00,login,,0,0,DEV-038,0,0,,,0,0.0
E000066,U003,2026-03-02T15:43:00,file_access,RES-016,0,9,DEV-018,0,0,,,0,0.0
E000067,U005,2026-03-02T15:58:00,file_access,RES-002,1,18,DEV-024,0,0,,,0,0.0
E000068,U010,2026-03-02T15:59:00,file_access,RES-036,0,11,DEV-017,0,0,,,0,0.0
E000069,U005,2026-03-02T16:32:00,transaction,,0,0,DEV-024,0,0,,BEN-008,0,0
E000070,U020,2026-03-02T16:37:00,file_access,RES-018,0,7,DEV-038,0,0,,,0,0.0
E000071,U020,2026-03-02T17:07:00,transaction,,0,0,DEV-038,0,0,,BEN-009,0,412.49
E000072,U020,2026-03-02T17:31:00,file_access,RES-009,1,17,DEV-038,0,0,,,0,0.0
E000073,U019,2026-03-03T02:17:00,login,,0,0,DEV-024,0,0,,,0,0.0
E000074,U015,2026-03-03T02:31:00,login,,0,0,DEV-013,0,0,,,0,0.0
E000075,U006,2026-03-03T02:45:00,login,,0,0,DEV-015,0,0,,,0,0.0
E000076,U019,2026-03-03T03:00:00,file_access,RES-015,0,10,DEV-024,0,0,,,0,0.0
E000077,U006,2026-03-03T03:01:00,file_access,RES-019,0,8,DEV-015,0,0,,,0,0.0
E000078,U012,2026-03-03T03:05:00,login,,0,0,DEV-028,0,0,,,0,0.0
E000079,U013,2026-03-03T03:09:00,login,,0,0,DEV-001,0,0,,,0,0.0
E000080,U015,2026-03-03T03:13:00,file_access,RES-028,0,1,DEV-013,0,0,,,0,0.0
E000081,U013,2026-03-03T03:22:00,file_access,RES-031,0,15,DEV-001,0,0,,,0,0.0
E000082,U012,2026-03-03T03:30:00,file_access,RES-024,0,10,DEV-028,0,0,,,0,0.0
E000083,U015,2026-03-03T03:42:00,transaction,,0,0,DEV-013,0,0,,BEN-019,0,564.86
E000084,U015,2026-03-03T03:44:00,file_access,RES-002,1,17,DEV-013,0,0,,,0,0.0
E000085,U006,2026-03-03T03:47:00,file_access,RES-051,0,1,DEV-015,0,0,,,0,0.0
E000086,U015,2026-03-03T03:49:00,file_access,RES-016,0,5,DEV-013,0,0,,,0,0.0
E000087,U019,2026-03-03T03:50:00,file_access,RES-046,0,16,DEV-024,0,0,,,0,0.0
E000088,U019,2026-03-03T03:56:00,transaction,,0,0,DEV-024,0,0,,BEN-024,0,0
E000089,U019,2026-03-03T04:00:00,file_access,RES-019,0,7,DEV-024,0,0,,,0,0.0
E000090,U012,2026-03-03T04:03:00,file_access,RES-030,0,11,DEV-028,0,0,,,0,0.0
E000091,U012,2026-03-03T04:17:00,file_access,RES-014,0,13,DEV-028,0,0,,,0,0.0
E000092,U013,2026-03-03T04:34:00,file_access,RES-020,0,9,DEV-001,0,0,,,0,0.0
E000093,U013,2026-03-03T04:49:00,transaction,,0,0,DEV-001,0,0,,BEN-015,0,115.18
E000094,U012,2026-03-03T05:40:00,transaction,,0,0,DEV-028,0,0,,BEN-005,0,47.21
E000095,U002,2026-03-03T08:00:00,login,,0,0,DEV-015,0,0,,,0,0.0
E000096,U004,2026-03-03T08:07:00,login,,0,0,DEV-003,0,0,,,0,0.0
E000097,U002,2026-03-03T08:14:00,file_access,RES-035,0,7,DEV-015,0,0,,,0,0.0
E000098,U004,2026-03-03T08:29:00,file_access,RES-052,0,15,DEV-003,0,0,,,0,0.0
E000099,U002,2026-03-03T08:43:00,transaction,,0,0,DEV-015,0,0,,BEN-029,0,622.16
E000100,U001,2026-03-03T08:59:00,login,,0,0,DEV-028,0,0,,,0,0.0
E000101,U016,2026-03-03T09:01:00,login,,0,0,DEV-008,0,0,,,0,0.0
E000102,U014,2026-03-03T09:02:00,login,,0,0,DEV-017,0,0,,,0,0.0
E000103,U007,2026-03-03T09:16:00,login,,0,0,DEV-005,0,0,,,0,0.0
E000104,U009,2026-03-03T09:16:00,login,,0,0,DEV-014,0,0,,,0,0.0
E000105,U014,2026-03-03T09:23:00,file_access,RES-039,0,13,DEV-017,0,0,,,0,0.0
E000106,U002,2026-03-03T09:24:00,file_access,RES-037,0,4,DEV-015,0,0,,,0,0.0
E000107,U014,2026-03-03T09:26:00,file_access,RES-011,0,6,DEV-017,0,0,,,0,0.0
E000108,U001,2026-03-03T09:28:00,file_access,RES-007,1,4,DEV-028,0,0,,,0,0.0
E000109,U016,2026-03-03T09:28:00,transaction,,0,0,DEV-008,0,0,,BEN-008,0,2400.17
E000110,U011,2026-03-03T09:29:00,login,,0,0,DEV-009,0,0,,,0,0.0
E000111,U007,2026-03-03T09:31:00,file_access,RES-011,0,8,DEV-005,0,0,,,0,0.0
E000112,U004,2026-03-03T09:37:00,file_access,RES-034,0,18,DEV-003,0,0,,,0,0.0
E000113,U011,2026-03-03T09:37:00,file_access,RES-004,1,16,DEV-009,0,0,,,0,0.0
E000114,U007,2026-03-03T09:41:00,file_access,RES-001,1,14,DEV-005,0,0,,,0,0.0
E000115,U007,2026-03-03T09:43:00,file_access,RES-036,0,3,DEV-005,0,0,,,0,0.0
E000116,U017,2026-03-03T09:49:00,login,,0,0,DEV-032,0,0,,,0,0.0
E000117,U014,2026-03-03T09:50:00,file_access,RES-057,0,20,DEV-017,0,0,,,0,0.0
E000118,U009,2026-03-03T09:53:00,file_access,RES-043,0,1,DEV-014,0,0,,,0,0.0
E000119,U018,2026-03-03T10:03:00,login,,0,0,DEV-039,0,0,,,0,0.0
E000120,U004,2026-03-03T10:10:00,transaction,,0,0,DEV-003,0,0,,BEN-017,0,998.79
E000121,U001,2026-03-03T10:17:00,file_access,RES-031,0,8,DEV-028,0,0,,,0,0.0
E000122,U001,2026-03-03T10:44:00,file_access,RES-031,0,14,DEV-028,0,0,,,0,0.0
E000123,U018,2026-03-03T10:44:00,file_access,RES-032,0,20,DEV-039,0,0,,,0,0.0
E000124,U016,2026-03-03T10:54:00,file_access,RES-039,0,15,DEV-008,0,0,,,0,0.0
E000125,U017,2026-03-03T10:58:00,file_access,RES-059,0,2,DEV-032,0,0,,,0,0.0
E000126,U011,2026-03-03T11:01:00,file_access,RES-007,1,16,DEV-009,0,0,,,0,0.0
E000127,U017,2026-03-03T11:15:00,file_access,RES-038,0,6,DEV-032,0,0,,,0,0.0
E000128,U009,2026-03-03T11:16:00,file_access,RES-052,0,15,DEV-014,0,0,,,0,0.0
E000129,U011,2026-03-03T11:22:00,file_access,RES-026,0,14,DEV-009,0,0,,,0,0.0
E000130,U017,2026-03-03T11:32:00,file_access,RES-009,1,14,DEV-032,0,0,,,0,0.0
E000131,U014,2026-03-03T11:51:00,transaction,,0,0,DEV-017,0,0,,BEN-015,0,99.87
E000132,U007,2026-03-03T11:58:00,transaction,,0,0,DEV-005,0,0,,BEN-016,0,0
E000133,U018,2026-03-03T13:00:00,transaction,,0,0,DEV-039,0,0,,BEN-001,0,432.05
E000134,U008,2026-03-03T13:18:00,login,,0,0,DEV-036,0,0,,,0,0.0
E000135,U005,2026-03-03T13:41:00,login,,0,0,DEV-024,0,0,,,0,0.0
E000136,U008,2026-03-03T13:54:00,file_access,RES-030,0,18,DEV-036,0,0,,,0,0.0
E000137,U005,2026-03-03T13:56:00,transaction,,0,0,DEV-024,0,0,,BEN-020,0,0
E000138,U008,2026-03-03T14:16:00,transaction,,0,0,DEV-036,0,0,,BEN-029,0,849.61
E000139,U010,2026-03-03T14:19:00,login,,0,0,DEV-017,0,0,,,0,0.0
E000140,U010,2026-03-03T14:29:00,file_access,RES-003,1,10,DEV-017,0,0,,,0,0.0
E000141,U020,2026-03-03T14:45:00,login,,0,0,DEV-038,0,0,,,0,0.0
E000142,U020,2026-03-03T14:51:00,file_access,RES-048,0,11,DEV-038,0,0,,,0,0.0
E000143,U008,2026-03-03T14:53:00,file_access,RES-018,0,14,DEV-036,0,0,,,0,0.0
E000144,U008,2026-03-03T15:09:00,file_access,RES-031,0,16,DEV-036,0,0,,,0,0.0
E000145,U010,2026-03-03T15:16:00,file_access,RES-008,1,5,DEV-017,0,0,,,0,0.0
E000146,U003,2026-03-03T15:19:00,login,,0,0,DEV-018,0,0,,,0,0.0
E000147,U005,2026-03-03T15:22:00,file_access,RES-002,1,8,DEV-024,0,0,,,0,0.0
E000148,U010,2026-03-03T15:27:00,file_access,RES-008,1,4,DEV-017,0,0,,,0,0.0
E000149,U003,2026-03-03T15:52:00,file_access,RES-002,1,7,DEV-018,0,0,,,0,0.0
E000150,U003,2026-03-03T16:40:00,transaction,,0,0,DEV-018,0,0,,BEN-009,0,561.36
E000151,U010,2026-03-03T16:46:00,transaction,,0,0,DEV-017,0,0,,BEN-022,0,465.65
E000152,U020,2026-03-03T17:20:00,transaction,,0,0,DEV-038,0,0,,BEN-020,0,362.08
E000153,U013,2026-03-04T01:02:00,login,,0,0,DEV-001,0,0,,,0,0.0
E000154,U015,2026-03-04T01:05:00,login,,0,0,DEV-013,0,0,,,0,0.0
E000155,U019,2026-03-04T01:17:00,login,,0,0,DEV-024,0,0,,,0,0.0
E000156,U015,2026-03-04T01:26:00,transaction,,0,0,DEV-013,0,0,,BEN-021,0,567.51
E000157,U013,2026-03-04T01:35:00,transaction,,0,0,DEV-001,0,0,,BEN-015,0,110.91
E000158,U019,2026-03-04T01:37:00,file_access,RES-037,0,18,DEV-024,0,0,,,0,0.0
E000159,U013,2026-03-04T01:54:00,file_access,RES-054,0,10,DEV-001,0,0,,,0,0.0
E000160,U015,2026-03-04T01:56:00,file_access,RES-005,1,17,DEV-013,0,0,,,0,0.0
E000161,U019,2026-03-04T02:04:00,transaction,,0,0,DEV-024,0,0,,BEN-023,0,282.9
E000162,U012,2026-03-04T02:10:00,login,,0,0,DEV-028,0,0,,,0,0.0
E000163,U019,2026-03-04T02:10:00,file_access,RES-058,0,13,DEV-024,0,0,,,0,0.0
E000164,U006,2026-03-04T02:15:00,login,,0,0,DEV-015,0,0,,,0,0.0
E000165,U015,2026-03-04T02:19:00,file_access,RES-033,0,17,DEV-013,0,0,,,0,0.0
E000166,U015,2026-03-04T02:20:00,file_access,RES-002,1,13,DEV-013,0,0,,,0,0.0
E000167,U012,2026-03-04T02:21:00,file_access,RES-044,0,3,DEV-028,0,0,,,0,0.0
E000168,U012,2026-03-04T02:49:00,file_access,RES-029,0,14,DEV-028,0,0,,,0,0.0
E000169,U012,2026-03-04T03:15:00,transaction,,0,0,DEV-028,0,0,,BEN-014,0,511.13
E000170,U012,2026-03-04T03:17:00,file_access,RES-039,0,15,DEV-028,0,0,,,0,0.0
E000171,U006,2026-03-04T03:20:00,file_access,RES-036,0,17,DEV-015,0,0,,,0,0.0
E000172,U006,2026-03-04T03:44:00,file_access,RES-038,0,12,DEV-015,0,0,,,0,0.0
E000173,U002,2026-03-04T07:18:00,login,,0,0,DEV-015,0,0,,,0,0.0
E000174,U011,2026-03-04T07:57:00,login,,0,0,DEV-009,0,0,,,0,0.0
E000175,U004,2026-03-04T07:58:00,login,,0,0,DEV-003,0,0,,,0,0.0
E000176,U002,2026-03-04T08:19:00,file_access,RES-054,0,18,DEV-015,0,0,,,0,0.0
E000177,U001,2026-03-04T08:26:00,login,,0,0,DEV-028,0,0,,,0,0.0
E000178,U016,2026-03-04T08:36:00,login,,0,0,DEV-008,0,0,,,0,0.0
E000179,U011,2026-03-04T08:43:00,file_access,RES-039,0,5,DEV-009,0,0,,,0,0.0
E000180,U004,2026-03-04T09:00:00,file_access,RES-058,0,6,DEV-003,0,0,,,0,0.0
E000181,U004,2026-03-04T09:00:00,file_access,RES-017,0,8,DEV-003,0,0,,,0,0.0
E000182,U011,2026-03-04T09:17:00,transaction,,0,0,DEV-009,0,0,,BEN-023,0,270.07
E000183,U018,2026-03-04T09:27:00,login,,0,0,DEV-039,0,0,,,0,0.0
E000184,U004,2026-03-04T09:38:00,file_access,RES-056,0,16,DEV-003,0,0,,,0,0.0
E000185,U007,2026-03-04T09:44:00,login,,0,0,DEV-005,0,0,,,0,0.0
E000186,U001,2026-03-04T09:57:00,file_access,RES-042,0,4,DEV-028,0,0,,,0,0.0
E000187,U007,2026-03-04T09:58:00,file_access,RES-044,0,8,DEV-005,0,0,,,0,0.0
E000188,U016,2026-03-04T09:58:00,file_access,RES-010,0,15,DEV-008,0,0,,,0,0.0
E000189,U017,2026-03-04T09:59:00,login,,0,0,DEV-032,0,0,,,0,0.0
E000190,U002,2026-03-04T10:04:00,transaction,,0,0,DEV-015,0,0,,BEN-017,0,600.19
E000191,U001,2026-03-04T10:21:00,file_access,RES-047,0,2,DEV-028,0,0,,,0,0.0
E000192,U007,2026-03-04T10:22:00,file_access,RES-051,0,19,DEV-005,0,0,,,0,0.0
E000193,U009,2026-03-04T10:22:00,login,,0,0,DEV-014,0,0,,,0,0.0
E000194,U017,2026-03-04T10:32:00,file_access,RES-023,0,17,DEV-032,0,0,,,0,0.0
E000195,U017,2026-03-04T10:36:00,file_access,RES-013,0,18,DEV-032,0,0,,,0,0.0
E000196,U007,2026-03-04T10:44:00,transaction,,0,0,DEV-005,0,0,,BEN-014,0,620.47
E000197,U009,2026-03-04T11:05:00,file_access,RES-041,0,14,DEV-014,0,0,,,0,0.0
E000198,U018,2026-03-04T11:10:00,transaction,,0,0,DEV-039,0,0,,BEN-018,0,506.96
E000199,U018,2026-03-04T11:24:00,file_access,RES-017,0,12,DEV-039,0,0,,,0,0.0
E000200,U001,2026-03-04T11:42:00,transaction,,0,0,DEV-028,0,0,,BEN-008,0,0
E000201,U009,2026-03-04T11:55:00,file_access,RES-017,0,15,DEV-014,0,0,,,0,0.0
E000202,U017,2026-03-04T11:58:00,file_access,RES-019,0,3,DEV-032,0,0,,,0,0.0
E000203,U009,2026-03-04T12:15:00,file_access,RES-020,0,7,DEV-014,0,0,,,0,0.0
E000204,U008,2026-03-04T13:08:00,login,,0,0,DEV-036,0,0,,,0,0.0
E000205,U003,2026-03-04T13:22:00,login,,0,0,DEV-018,0,0,,,0,0.0
E000206,U008,2026-03-04T13:48:00,file_access,RES-050,0,14,DEV-036,0,0,,,0,0.0
E000207,U020,2026-03-04T13:54:00,login,,0,0,DEV-038,0,0,,,0,0.0
E000208,U003,2026-03-04T14:09:00,file_access,RES-002,1,4,DEV-018,0,0,,,0,0.0
E000209,U003,2026-03-04T14:32:00,file_access,RES-026,0,18,DEV-018,0,0,,,0,0.0
E000210,U003,2026-03-04T14:39:00,transaction,,0,0,DEV-018,0,0,,BEN-012,0,517.97
E000211,U020,2026-03-04T14:39:00,transaction,,0,0,DEV-038,0,0,,BEN-001,0,246.19
E000212,U005,2026-03-04T14:42:00,login,,0,0,DEV-024,0,0,,,0,0.0
E000213,U010,2026-03-04T14:47:00,login,,0,0,DEV-017,0,0,,,0,0.0
E000214,U020,2026-03-04T14:50:00,file_access,RES-043,0,4,DEV-038,0,0,,,0,0.0
E000215,U020,2026-03-04T15:04:00,file_access,RES-021,0,3,DEV-038,0,0,,,0,0.0
E000216,U003,2026-03-04T15:19:00,file_access,RES-017,0,6,DEV-018,0,0,,,0,0.0
E000217,U008,2026-03-04T15:27:00,transaction,,0,0,DEV-036,0,0,,BEN-024,0,656.12
E000218,U020,2026-03-04T15:53:00,file_access,RES-026,0,14,DEV-038,0,0,,,0,0.0
E000219,U005,2026-03-04T15:59:00,file_access,RES-014,0,15,DEV-024,0,0,,,0,0.0
E000220,U010,2026-03-04T16:01:00,file_access,RES-027,0,19,DEV-017,0,0,,,0,0.0
E000221,U005,2026-03-04T16:26:00,transaction,,0,0,DEV-024,0,0,,BEN-006,0,104.23
E000222,U010,2026-03-04T16:27:00,file_access,RES-047,0,5,DEV-017,0,0,,,0,0.0
E000223,U010,2026-03-04T16:45:00,file_access,RES-027,0,4,DEV-017,0,0,,,0,0.0
E000224,U010,2026-03-04T17:34:00,transaction,,0,0,DEV-017,0,0,,BEN-002,0,0
E000225,U013,2026-03-05T01:37:00,login,,0,0,DEV-001,0,0,,,0,0.0
E000226,U015,2026-03-05T01:47:00,login,,0,0,DEV-013,0,0,,,0,0.0
E000227,U019,2026-03-05T02:05:00,login,,0,0,DEV-024,0,0,,,0,0.0
E000228,U012,2026-03-05T02:07:00,login,,0,0,DEV-028,0,0,,,0,0.0
E000229,U006,2026-03-05T02:22:00,login,,0,0,DEV-015,0,0,,,0,0.0
E000230,U015,2026-03-05T02:37:00,file_access,RES-051,0,3,DEV-013,0,0,,,0,0.0
E000231,U013,2026-03-05T02:39:00,file_access,RES-059,0,19,DEV-001,0,0,,,0,0.0
E000232,U006,2026-03-05T02:59:00,file_access,RES-015,0,4,DEV-015,0,0,,,0,0.0
E000233,U013,2026-03-05T03:05:00,file_access,RES-013,0,11,DEV-001,0,0,,,0,0.0
E000234,U019,2026-03-05T03:06:00,file_access,RES-042,0,9,DEV-024,0,0,,,0,0.0
E000235,U012,2026-03-05T03:14:00,file_access,RES-034,0,10,DEV-028,0,0,,,0,0.0
E000236,U013,2026-03-05T03:23:00,file_access,RES-048,0,2,DEV-001,0,0,,,0,0.0
E000237,U006,2026-03-05T03:25:00,file_access,RES-018,0,10,DEV-015,0,0,,,0,0.0
E000238,U012,2026-03-05T03:38:00,file_access,RES-044,0,19,DEV-028,0,0,,,0,0.0
E000239,U019,2026-03-05T03:45:00,file_access,RES-031,0,7,DEV-024,0,0,,,0,0.0
E000240,U013,2026-03-05T03:55:00,transaction,,0,0,DEV-001,0,0,,BEN-004,0,262.8
E000241,U012,2026-03-05T03:58:00,transaction,,0,0,DEV-028,0,0,,BEN-007,0,597.09
E000242,U006,2026-03-05T03:59:00,file_access,RES-013,0,11,DEV-015,0,0,,,0,0.0
E000243,U019,2026-03-05T04:32:00,transaction,,0,0,DEV-024,0,0,,BEN-009,0,293.98
E000244,U006,2026-03-05T04:49:00,transaction,,0,0,DEV-015,0,0,,BEN-025,0,109.9
E000245,U015,2026-03-05T05:04:00,transaction,,0,0,DEV-013,0,0,,BEN-022,0,529.98
E000246,U011,2026-03-05T07:38:00,login,,0,0,DEV-009,0,0,,,0,0.0
E000247,U004,2026-03-05T08:15:00,login,,0,0,DEV-003,0,0,,,0,0.0
E000248,U011,2026-03-05T08:20:00,file_access,RES-030,0,17,DEV-009,0,0,,,0,0.0
E000249,U004,2026-03-05T08:50:00,file_access,RES-018,0,11,DEV-003,0,0,,,0,0.0
E000250,U011,2026-03-05T09:00:00,file_access,RES-028,0,4,DEV-009,0,0,,,0,0.0
E000251,U004,2026-03-05T09:16:00,file_access,RES-005,1,10,DEV-003,0,0,,,0,0.0
E000252,U007,2026-03-05T09:17:00,login,,0,0,DEV-005,0,0,,,0,0.0
E000253,U011,2026-03-05T09:24:00,file_access,RES-045,0,4,DEV-009,0,0,,,0,0.0
E000254,U007,2026-03-05T09:31:00,file_access,RES-004,1,6,DEV-005,0,0,,,0,0.0
E000255,U001,2026-03-05T09:34:00,login,,0,0,DEV-028,0,0,,,0,0.0
E000256,U014,2026-03-05T09:46:00,login,,0,0,DEV-017,0,0,,,0,0.0
E000257,U016,2026-03-05T09:48:00,login,,0,0,DEV-008,0,0,,,0,0.0
E000258,U001,2026-03-05T09:56:00,file_access,RES-028,0,6,DEV-028,0,0,,,0,0.0
E000259,U009,2026-03-05T10:06:00,login,,0,0,DEV-014,0,0,,,0,0.0
E000260,U001,2026-03-05T10:14:00,file_access,RES-030,0,8,DEV-028,0,0,,,0,0.0
E000261,U018,2026-03-05T10:35:00,login,,0,0,DEV-039,0,0,,,0,0.0
E000262,U017,2026-03-05T10:39:00,login,,0,0,DEV-032,0,0,,,0,0.0
E000263,U004,2026-03-05T10:43:00,transaction,,0,0,DEV-003,0,0,,BEN-003,0,1011.93
E000264,U014,2026-03-05T10:47:00,file_access,RES-040,0,10,DEV-017,0,0,,,0,0.0
E000265,U018,2026-03-05T10:49:00,file_access,RES-025,0,17,DEV-039,0,0,,,0,0.0
E000266,U017,2026-03-05T10:55:00,file_access,RES-033,0,6,DEV-032,0,0,,,0,0.0
E000267,U009,2026-03-05T10:59:00,file_access,RES-037,0,12,DEV-014,0,0,,,0,0.0
E000268,U017,2026-03-05T11:05:00,file_access,RES-043,0,20,DEV-032,0,0,,,0,0.0
E000269,U016,2026-03-05T11:06:00,file_access,RES-009,1,17,DEV-008,0,0,,,0,0.0
E000270,U016,2026-03-05T11:18:00,transaction,,0,0,DEV-008,0,0,,BEN-004,0,2655.69
E000271,U018,2026-03-05T11:37:00,file_access,RES-049,0,18,DEV-039,0,0,,,0,0.0
E000272,U014,2026-03-05T11:50:00,transaction,,0,0,DEV-017,0,0,,BEN-026,0,70.78
E000273,U007,2026-03-05T11:59:00,transaction,,0,0,DEV-005,0,0,,BEN-024,0,337.26
E000274,U017,2026-03-05T11:59:00,file_access,RES-038,0,5,DEV-032,0,0,,,0,0.0
E000275,U005,2026-03-05T12:45:00,login,,0,0,DEV-024,0,0,,,0,0.0
E000276,U009,2026-03-05T13:15:00,transaction,,0,0,DEV-014,0,0,,BEN-022,0,0
E000277,U018,2026-03-05T13:24:00,transaction,,0,0,DEV-039,0,0,,BEN-004,0,450.46
E000278,U020,2026-03-05T14:16:00,login,,0,0,DEV-038,0,0,,,0,0.0
E000279,U008,2026-03-05T14:19:00,login,,0,0,DEV-036,0,0,,,0,0.0
E000280,U020,2026-03-05T14:28:00,transaction,,0,0,DEV-038,0,0,,BEN-008,0,375.35
E000281,U005,2026-03-05T14:29:00,file_access,RES-053,0,6,DEV-024,0,0,,,0,0.0
E000282,U010,2026-03-05T14:44:00,login,,0,0,DEV-017,0,0,,,0,0.0
E000283,U003,2026-03-05T14:46:00,login,,0,0,DEV-018,0,0,,,0,0.0
E000284,U020,2026-03-05T14:51:00,file_access,RES-029,0,9,DEV-038,0,0,,,0,0.0
E000285,U020,2026-03-05T15:03:00,file_access,RES-020,0,19,DEV-038,0,0,,,0,0.0
E000286,U003,2026-03-05T15:05:00,file_access,RES-025,0,19,DEV-018,0,0,,,0,0.0
E000287,U003,2026-03-05T15:07:00,transaction,,0,0,DEV-018,0,0,,BEN-026,0,377.83
E000288,U010,2026-03-05T15:16:00,file_access,RES-029,0,15,DEV-017,0,0,,,0,0.0
E000289,U010,2026-03-05T15:19:00,file_access,RES-055,0,12,DEV-017,0,0,,,0,0.0
E000290,U008,2026-03-05T15:32:00,file_access,RES-031,0,12,DEV-036,0,0,,,0,0.0
E000291,U008,2026-03-05T15:38:00,file_access,RES-043,0,16,DEV-036,0,0,,,0,0.0
E000292,U003,2026-03-05T15:46:00,file_access,RES-039,0,17,DEV-018,0,0,,,0,0.0
E000293,U008,2026-03-05T16:14:00,file_access,RES-010,0,15,DEV-036,0,0,,,0,0.0
E000294,U008,2026-03-05T16:48:00,transaction,,0,0,DEV-036,0,0,,BEN-028,0,352.95
E000295,U010,2026-03-05T17:49:00,transaction,,0,0,DEV-017,0,0,,BEN-021,0,0
E000296,U006,2026-03-06T01:47:00,login,,0,0,DEV-015,0,0,,,0,0.0
E000297,U015,2026-03-06T01:47:00,login,,0,0,DEV-013,0,0,,,0,0.0
E000298,U019,2026-03-06T02:08:00,login,,0,0,DEV-024,0,0,,,0,0.0
E000299,U015,2026-03-06T02:09:00,file_access,RES-003,1,12,DEV-013,0,0,,,0,0.0
E000300,U012,2026-03-06T02:19:00,login,,0,0,DEV-028,0,0,,,0,0.0
E000301,U006,2026-03-06T02:27:00,file_access,RES-047,0,19,DEV-015,0,0,,,0,0.0
E000302,U019,2026-03-06T02:30:00,transaction,,0,0,DEV-024,0,0,,BEN-021,0,167.01
E000303,U013,2026-03-06T02:51:00,login,,0,0,DEV-001,0,0,,,0,0.0
E000304,U012,2026-03-06T02:59:00,transaction,,0,0,DEV-028,0,0,,BEN-006,0,953.49
E000305,U015,2026-03-06T03:01:00,file_access,RES-022,0,6,DEV-013,0,0,,,0,0.0
E000306,U006,2026-03-06T03:29:00,file_access,RES-034,0,20,DEV-015,0,0,,,0,0.0
E000307,U019,2026-03-06T03:31:00,file_access,RES-048,0,19,DEV-024,0,0,,,0,0.0
E000308,U012,2026-03-06T04:02:00,file_access,RES-009,1,9,DEV-028,0,0,,,0,0.0
E000309,U013,2026-03-06T04:18:00,file_access,RES-012,0,2,DEV-001,0,0,,,0,0.0
E000310,U013,2026-03-06T04:27:00,file_access,RES-006,1,17,DEV-001,0,0,,,0,0.0
E000311,U015,2026-03-06T04:52:00,transaction,,0,0,DEV-013,0,0,,BEN-015,0,0
E000312,U013,2026-03-06T04:53:00,transaction,,0,0,DEV-001,0,0,,BEN-020,0,401.91
E000313,U002,2026-03-06T07:19:00,login,,0,0,DEV-015,0,0,,,0,0.0
E000314,U002,2026-03-06T07:37:00,file_access,RES-057,0,5,DEV-015,0,0,,,0,0.0
E000315,U002,2026-03-06T07:57:00,file_access,RES-008,1,4,DEV-015,0,0,,,0,0.0
E000316,U011,2026-03-06T08:13:00,login,,0,0,DEV-009,0,0,,,0,0.0
E000317,U004,2026-03-06T08:45:00,login,,0,0,DEV-003,0,0,,,0,0.0
E000318,U004,2026-03-06T08:58:00,file_access,RES-027,0,14,DEV-003,0,0,,,0,0.0
E000319,U002,2026-03-06T08:59:00,file_access,RES-036,0,5,DEV-015,0,0,,,0,0.0
E000320,U011,2026-03-06T09:10:00,file_access,RES-022,0,15,DEV-009,0,0,,,0,0.0
E000321,U011,2026-03-06T09:15:00,file_access,RES-057,0,8,DEV-009,0,0,,,0,0.0
E000322,U007,2026-03-06T09:29:00,login,,0,0,DEV-005,0,0,,,0,0.0
E000323,U002,2026-03-06T10:03:00,transaction,,0,0,DEV-015,0,0,,BEN-022,0,161.68
E000324,U007,2026-03-06T10:08:00,file_access,RES-033,0,18,DEV-005,0,0,,,0,0.0
E000325,U007,2026-03-06T10:12:00,file_access,RES-045,0,13,DEV-005,0,0,,,0,0.0
E000326,U007,2026-03-06T10:37:00,file_access,RES-029,0,3,DEV-005,0,0,,,0,0.0
E000327,U018,2026-03-06T10:50:00,login,,0,0,DEV-039,0,0,,,0,0.0
E000328,U017,2026-03-06T10:52:00,login,,0,0,DEV-032,0,0,,,0,0.0
E000329,U004,2026-03-06T10:54:00,transaction,,0,0,DEV-003,0,0,,BEN-014,0,1465.52
E000330,U014,2026-03-06T10:57:00,login,,0,0,DEV-017,0,0,,,0,0.0
E000331,U017,2026-03-06T11:07:00,file_access,RES-003,1,19,DEV-032,0,0,,,0,0.0
E000332,U018,2026-03-06T11:10:00,transaction,,0,0,DEV-039,0,0,,BEN-011,0,529.59
E000333,U018,2026-03-06T11:20:00,file_access,RES-039,0,17,DEV-039,0,0,,,0,0.0
E000334,U007,2026-03-06T11:29:00,transaction,,0,0,DEV-005,0,0,,BEN-024,0,32.22
E000335,U011,2026-03-06T11:29:00,transaction,,0,0,DEV-009,0,0,,BEN-004,0,147.88
E000336,U014,2026-03-06T11:49:00,file_access,RES-044,0,19,DEV-017,0,0,,,0,0.0
E000337,U009,2026-03-06T12:00:00,login,,0,0,DEV-014,0,0,,,0,0.0
E000338,U018,2026-03-06T12:06:00,file_access,RES-024,0,5,DEV-039,0,0,,,0,0.0
E000339,U005,2026-03-06T13:06:00,login,,0,0,DEV-024,0,0,,,0,0.0
E000340,U009,2026-03-06T13:08:00,transaction,,0,0,DEV-014,0,0,,BEN-021,0,0
E000341,U005,2026-03-06T13:14:00,file_access,RES-020,0,19,DEV-024,0,0,,,0,0.0
E000342,U009,2026-03-06T13:22:00,file_access,RES-048,0,16,DEV-014,0,0,,,0,0.0
E000343,U003,2026-03-06T13:34:00,login,,0,0,DEV-018,0,0,,,0,0.0
E000344,U009,2026-03-06T13:51:00,file_access,RES-058,0,10,DEV-014,0,0,,,0,0.0
E000345,U009,2026-03-06T13:55:00,file_access,RES-044,0,2,DEV-014,0,0,,,0,0.0
E000346,U005,2026-03-06T14:01:00,file_access,RES-046,0,7,DEV-024,0,0,,,0,0.0
E000347,U020,2026-03-06T14:03:00,login,,0,0,DEV-038,0,0,,,0,0.0
E000348,U008,2026-03-06T14:12:00,login,,0,0,DEV-036,0,0,,,0,0.0
E000349,U008,2026-03-06T14:22:00,file_access,RES-021,0,16,DEV-036,0,0,,,0,0.0
E000350,U010,2026-03-06T14:22:00,login,,0,0,DEV-017,0,0,,,0,0.0
E000351,U020,2026-03-06T14:23:00,file_access,RES-030,0,10,DEV-038,0,0,,,0,0.0
E000352,U003,2026-03-06T14:25:00,file_access,RES-028,0,3,DEV-018,0,0,,,0,0.0
E000353,U020,2026-03-06T14:28:00,file_access,RES-026,0,17,DEV-038,0,0,,,0,0.0
E000354,U005,2026-03-06T14:37:00,file_access,RES-059,0,13,DEV-024,0,0,,,0,0.0
E000355,U008,2026-03-06T14:46:00,file_access,RES-055,0,14,DEV-036,0,0,,,0,0.0
E000356,U008,2026-03-06T14:47:00,file_access,RES-037,0,13,DEV-036,0,0,,,0,0.0
E000357,U003,2026-03-06T15:04:00,file_access,RES-059,0,11,DEV-018,0,0,,,0,0.0
E000358,U003,2026-03-06T15:11:00,file_access,RES-048,0,7,DEV-018,0,0,,,0,0.0
E000359,U010,2026-03-06T15:17:00,file_access,RES-018,0,7,DEV-017,0,0,,,0,0.0
E000360,U008,2026-03-06T15:59:00,transaction,,0,0,DEV-036,0,0,,BEN-027,0,453.88
E000361,U020,2026-03-06T16:02:00,file_access,RES-057,0,10,DEV-038,0,0,,,0,0.0
E000362,U005,2026-03-06T16:12:00,transaction,,0,0,DEV-024,0,0,,BEN-023,0,94.6
E000363,U003,2026-03-06T16:33:00,transaction,,0,0,DEV-018,0,0,,BEN-010,0,476.96
E000364,U020,2026-03-06T16:56:00,transaction,,0,0,DEV-038,0,0,,BEN-020,0,420.73
E000365,U006,2026-03-07T01:06:00,login,,0,0,DEV-015,0,0,,,0,0.0
E000366,U013,2026-03-07T01:10:00,login,,0,0,DEV-001,0,0,,,0,0.0
E000367,U019,2026-03-07T01:14:00,login,,0,0,DEV-024,0,0,,,0,0.0
E000368,U006,2026-03-07T01:19:00,transaction,,0,0,DEV-015,0,0,,BEN-002,0,93.43
E000369,U019,2026-03-07T01:31:00,file_access,RES-027,0,11,DEV-024,0,0,,,0,0.0
E000370,U013,2026-03-07T01:33:00,transaction,,0,0,DEV-001,0,0,,BEN-003,0,282.63
E000371,U006,2026-03-07T01:48:00,file_access,RES-015,0,12,DEV-015,0,0,,,0,0.0
E000372,U019,2026-03-07T01:49:00,transaction,,0,0,DEV-024,0,0,,BEN-018,0,276.68
E000373,U013,2026-03-07T02:02:00,file_access,RES-059,0,10,DEV-001,0,0,,,0,0.0
E000374,U013,2026-03-07T02:04:00,file_access,RES-027,0,11,DEV-001,0,0,,,0,0.0
E000375,U015,2026-03-07T02:11:00,login,,0,0,DEV-013,0,0,,,0,0.0
E000376,U015,2026-03-07T02:24:00,file_access,RES-046,0,15,DEV-013,0,0,,,0,0.0
E000377,U012,2026-03-07T03:08:00,login,,0,0,DEV-028,0,0,,,0,0.0
E000378,U015,2026-03-07T03:12:00,transaction,,0,0,DEV-013,0,0,,BEN-002,0,265.38
E000379,U012,2026-03-07T04:17:00,file_access,RES-036,0,12,DEV-028,0,0,,,0,0.0
E000380,U012,2026-03-07T04:21:00,file_access,RES-046,0,8,DEV-028,0,0,,,0,0.0
E000381,U012,2026-03-07T06:27:00,transaction,,0,0,DEV-028,0,0,,BEN-003,0,557.62
E000382,U011,2026-03-07T08:09:00,login,,0,0,DEV-009,0,0,,,0,0.0
E000383,U002,2026-03-07T08:16:00,login,,0,0,DEV-015,0,0,,,0,0.0
E000384,U002,2026-03-07T08:32:00,file_access,RES-041,0,14,DEV-015,0,0,,,0,0.0
E000385,U016,2026-03-07T08:33:00,login,,0,0,DEV-008,0,0,,,0,0.0
E000386,U001,2026-03-07T08:41:00,login,,0,0,DEV-028,0,0,,,0,0.0
E000387,U007,2026-03-07T08:43:00,login,,0,0,DEV-005,0,0,,,0,0.0
E000388,U002,2026-03-07T08:59:00,transaction,,0,0,DEV-015,0,0,,BEN-024,0,0
E000389,U001,2026-03-07T09:07:00,file_access,RES-027,0,16,DEV-028,0,0,,,0,0.0
E000390,U011,2026-03-07T09:09:00,file_access,RES-007,1,12,DEV-009,0,0,,,0,0.0
E000391,U011,2026-03-07T09:14:00,file_access,RES-005,1,3,DEV-009,0,0,,,0,0.0
E000392,U009,2026-03-07T09:16:00,login,,0,0,DEV-014,0,0,,,0,0.0
E000393,U002,2026-03-07T09:23:00,file_access,RES-017,0,2,DEV-015,0,0,,,0,0.0
E000394,U014,2026-03-07T09:33:00,login,,0,0,DEV-017,0,0,,,0,0.0
E000395,U017,2026-03-07T09:36:00,login,,0,0,DEV-032,0,0,,,0,0.0
E000396,U007,2026-03-07T09:48:00,file_access,RES-034,0,15,DEV-005,0,0,,,0,0.0
E000397,U016,2026-03-07T09:49:00,file_access,RES-008,1,9,DEV-008,0,0,,,0,0.0
E000398,U014,2026-03-07T09:56:00,transaction,,0,0,DEV-017,0,0,,BEN-021,0,250.14
E000399,U014,2026-03-07T09:58:00,file_access,RES-053,0,7,DEV-017,0,0,,,0,0.0
E000400,U009,2026-03-07T10:00:00,file_access,RES-051,0,15,DEV-014,0,0,,,0,0.0
E000401,U011,2026-03-07T10:00:00,file_access,RES-006,1,3,DEV-009,0,0,,,0,0.0
E000402,U007,2026-03-07T10:01:00,file_access,RES-003,1,6,DEV-005,0,0,,,0,0.0
E000403,U007,2026-03-07T10:03:00,file_access,RES-002,1,9,DEV-005,0,0,,,0,0.0
E000404,U002,2026-03-07T10:07:00,file_access,RES-018,0,2,DEV-015,0,0,,,0,0.0
E000405,U016,2026-03-07T10:17:00,file_access,RES-017,0,15,DEV-008,0,0,,,0,0.0
E000406,U001,2026-03-07T10:22:00,file_access,RES-055,0,8,DEV-028,0,0,,,0,0.0
E000407,U001,2026-03-07T10:33:00,file_access,RES-001,1,3,DEV-028,0,0,,,0,0.0
E000408,U018,2026-03-07T10:33:00,login,,0,0,DEV-039,0,0,,,0,0.0
E000409,U009,2026-03-07T10:41:00,file_access,RES-007,1,2,DEV-014,0,0,,,0,0.0
E000410,U017,2026-03-07T10:44:00,file_access,RES-057,0,18,DEV-032,0,0,,,0,0.0
E000411,U018,2026-03-07T10:55:00,file_access,RES-021,0,20,DEV-039,0,0,,,0,0.0
E000412,U009,2026-03-07T10:57:00,file_access,RES-047,0,5,DEV-014,0,0,,,0,0.0
E000413,U018,2026-03-07T10:57:00,file_access,RES-039,0,17,DEV-039,0,0,,,0,0.0
E000414,U009,2026-03-07T10:59:00,transaction,,0,0,DEV-014,0,0,,BEN-010,0,8.34
E000415,U017,2026-03-07T11:00:00,file_access,RES-041,0,1,DEV-032,0,0,,,0,0.0
E000416,U016,2026-03-07T11:19:00,transaction,,0,0,DEV-008,0,0,,BEN-016,0,2643.53
E000417,U014,2026-03-07T11:20:00,file_access,RES-039,0,5,DEV-017,0,0,,,0,0.0
E000418,U018,2026-03-07T12:23:00,transaction,,0,0,DEV-039,0,0,,BEN-010,0,649.88
E000419,U020,2026-03-07T13:14:00,login,,0,0,DEV-038,0,0,,,0,0.0
E000420,U003,2026-03-07T13:32:00,login,,0,0,DEV-018,0,0,,,0,0.0
E000421,U020,2026-03-07T13:36:00,file_access,RES-031,0,5,DEV-038,0,0,,,0,0.0
E000422,U005,2026-03-07T13:49:00,login,,0,0,DEV-024,0,0,,,0,0.0
E000423,U010,2026-03-07T14:05:00,login,,0,0,DEV-017,0,0,,,0,0.0
E000424,U010,2026-03-07T14:12:00,file_access,RES-004,1,11,DEV-017,0,0,,,0,0.0
E000425,U003,2026-03-07T14:28:00,file_access,RES-045,0,10,DEV-018,0,0,,,0,0.0
E000426,U003,2026-03-07T14:31:00,transaction,,0,0,DEV-018,0,0,,BEN-022,0,158.73
E000427,U010,2026-03-07T14:37:00,file_access,RES-042,0,20,DEV-017,0,0,,,0,0.0
E000428,U008,2026-03-07T14:41:00,login,,0,0,DEV-036,0,0,,,0,0.0
E000429,U010,2026-03-07T14:41:00,file_access,RES-009,1,19,DEV-017,0,0,,,0,0.0
E000430,U003,2026-03-07T15:02:00,file_access,RES-027,0,11,DEV-018,0,0,,,0,0.0
E000431,U005,2026-03-07T15:27:00,transaction,,0,0,DEV-024,0,0,,BEN-003,0,0
E000432,U005,2026-03-07T15:37:00,file_access,RES-008,1,19,DEV-024,0,0,,,0,0.0
E000433,U005,2026-03-07T15:42:00,file_access,RES-044,0,20,DEV-024,0,0,,,0,0.0
E000434,U008,2026-03-07T15:49:00,file_access,RES-003,1,5,DEV-036,0,0,,,0,0.0
E000435,U020,2026-03-07T15:59:00,transaction,,0,0,DEV-038,0,0,,BEN-016,0,316.71
E000436,U010,2026-03-07T16:36:00,transaction,,0,0,DEV-017,0,0,,BEN-007,0,0
E000437,U008,2026-03-07T17:22:00,transaction,,0,0,DEV-036,0,0,,BEN-028,0,616.1
E000438,U006,2026-03-08T01:03:00,login,,0,0,DEV-015,0,0,,,0,0.0
E000439,U006,2026-03-08T01:21:00,file_access,RES-056,0,1,DEV-015,0,0,,,0,0.0
E000440,U013,2026-03-08T01:21:00,login,,0,0,DEV-001,0,0,,,0,0.0
E000441,U006,2026-03-08T01:45:00,file_access,RES-045,0,5,DEV-015,0,0,,,0,0.0
E000442,U019,2026-03-08T01:59:00,login,,0,0,DEV-024,0,0,,,0,0.0
E000443,U015,2026-03-08T02:20:00,login,,0,0,DEV-013,0,0,,,0,0.0
E000444,U006,2026-03-08T02:29:00,file_access,RES-056,0,16,DEV-015,0,0,,,0,0.0
E000445,U013,2026-03-08T02:37:00,file_access,RES-044,0,13,DEV-001,0,0,,,0,0.0
E000446,U019,2026-03-08T02:56:00,file_access,RES-042,0,16,DEV-024,0,0,,,0,0.0
E000447,U019,2026-03-08T03:00:00,transaction,,0,0,DEV-024,0,0,,BEN-010,0,354.09
E000448,U015,2026-03-08T03:18:00,transaction,,0,0,DEV-013,0,0,,BEN-010,0,0
E000449,U015,2026-03-08T03:25:00,file_access,RES-017,0,2,DEV-013,0,0,,,0,0.0
E000450,U015,2026-03-08T03:30:00,file_access,RES-026,0,18,DEV-013,0,0,,,0,0.0
E000451,U012,2026-03-08T03:55:00,login,,0,0,DEV-028,0,0,,,0,0.0
E000452,U013,2026-03-08T04:36:00,transaction,,0,0,DEV-001,0,0,,BEN-020,0,446.36
E000453,U012,2026-03-08T04:51:00,file_access,RES-046,0,14,DEV-028,0,0,,,0,0.0
E000454,U012,2026-03-08T05:13:00,file_access,RES-028,0,19,DEV-028,0,0,,,0,0.0
E000455,U012,2026-03-08T05:48:00,transaction,,0,0,DEV-028,0,0,,BEN-026,0,743.9
E000456,U004,2026-03-08T07:44:00,login,,0,0,DEV-003,0,0,,,0,0.0
E000457,U002,2026-03-08T07:45:00,login,,0,0,DEV-015,0,0,,,0,0.0
E000458,U004,2026-03-08T07:55:00,transaction,,0,0,DEV-003,0,0,,BEN-012,0,1392.03
E000459,U001,2026-03-08T07:57:00,login,,0,0,DEV-028,0,0,,,0,0.0
E000460,U002,2026-03-08T07:59:00,file_access,RES-057,0,5,DEV-015,0,0,,,0,0.0
E000461,U001,2026-03-08T08:23:00,file_access,RES-025,0,1,DEV-028,0,0,,,0,0.0
E000462,U017,2026-03-08T08:43:00,login,,0,0,DEV-032,0,0,,,0,0.0
E000463,U014,2026-03-08T08:45:00,login,,0,0,DEV-017,0,0,,,0,0.0
E000464,U014,2026-03-08T09:00:00,file_access,RES-049,0,6,DEV-017,0,0,,,0,0.0
E000465,U002,2026-03-08T09:01:00,file_access,RES-001,1,4,DEV-015,0,0,,,0,0.0
E000466,U014,2026-03-08T09:24:00,file_access,RES-029,0,17,DEV-017,0,0,,,0,0.0
E000467,U009,2026-03-08T09:26:00,login,,0,0,DEV-014,0,0,,,0,0.0
E000468,U017,2026-03-08T09:26:00,file_access,RES-030,0,3,DEV-032,0,0,,,0,0.0
E000469,U002,2026-03-08T09:29:00,transaction,,0,0,DEV-015,0,0,,BEN-005,0,0
E000470,U007,2026-03-08T09:37:00,login,,0,0,DEV-005,0,0,,,0,0.0
E000471,U011,2026-03-08T09:37:00,login,,0,0,DEV-009,0,0,,,0,0.0
E000472,U004,2026-03-08T09:38:00,file_access,RES-057,0,19,DEV-003,0,0,,,0,0.0
E000473,U007,2026-03-08T09:53:00,file_access,RES-031,0,12,DEV-005,0,0,,,0,0.0
E000474,U009,2026-03-08T09:56:00,file_access,RES-009,1,18,DEV-014,0,0,,,0,0.0
E000475,U016,2026-03-08T10:08:00,login,,0,0,DEV-008,0,0,,,0,0.0
E000476,U017,2026-03-08T10:16:00,file_access,RES-004,1,6,DEV-032,0,0,,,0,0.0
E000477,U018,2026-03-08T10:32:00,login,,0,0,DEV-039,0,0,,,0,0.0
E000478,U011,2026-03-08T10:34:00,file_access,RES-023,0,14,DEV-009,0,0,,,0,0.0
E000479,U014,2026-03-08T10:38:00,file_access,RES-008,1,10,DEV-017,0,0,,,0,0.0
E000480,U014,2026-03-08T10:46:00,transaction,,0,0,DEV-017,0,0,,BEN-003,0,397.2
E000481,U011,2026-03-08T10:53:00,file_access,RES-022,0,4,DEV-009,0,0,,,0,0.0
E000482,U007,2026-03-08T11:03:00,file_access,RES-053,0,16,DEV-005,0,0,,,0,0.0
E000483,U007,2026-03-08T11:09:00,transaction,,0,0,DEV-005,0,0,,BEN-011,0,0
E000484,U016,2026-03-08T11:10:00,file_access,RES-012,0,15,DEV-008,0,0,,,0,0.0
E000485,U018,2026-03-08T11:15:00,file_access,RES-031,0,1,DEV-039,0,0,,,0,0.0
E000486,U018,2026-03-08T11:24:00,file_access,RES-022,0,4,DEV-039,0,0,,,0,0.0
E000487,U011,2026-03-08T11:33:00,file_access,RES-059,0,2,DEV-009,0,0,,,0,0.0
E000488,U018,2026-03-08T11:45:00,file_access,RES-032,0,19,DEV-039,0,0,,,0,0.0
E000489,U010,2026-03-08T13:14:00,login,,0,0,DEV-017,0,0,,,0,0.0
E000490,U010,2026-03-08T13:19:00,file_access,RES-018,0,5,DEV-017,0,0,,,0,0.0
E000491,U005,2026-03-08T13:32:00,login,,0,0,DEV-024,0,0,,,0,0.0
E000492,U005,2026-03-08T14:20:00,file_access,RES-001,1,14,DEV-024,0,0,,,0,0.0
E000493,U008,2026-03-08T14:28:00,login,,0,0,DEV-036,0,0,,,0,0.0
E000494,U005,2026-03-08T14:32:00,file_access,RES-024,0,15,DEV-024,0,0,,,0,0.0
E000495,U003,2026-03-08T14:47:00,login,,0,0,DEV-018,0,0,,,0,0.0
E000496,U020,2026-03-08T14:48:00,login,,0,0,DEV-038,0,0,,,0,0.0
E000497,U003,2026-03-08T14:57:00,transaction,,0,0,DEV-018,0,0,,BEN-026,0,355.25
E000498,U010,2026-03-08T14:58:00,file_access,RES-010,0,20,DEV-017,0,0,,,0,0.0
E000499,U008,2026-03-08T15:14:00,transaction,,0,0,DEV-036,0,0,,BEN-005,0,432.43
E000500,U005,2026-03-08T15:22:00,file_access,RES-032,0,4,DEV-024,0,0,,,0,0.0
E000501,U005,2026-03-08T15:33:00,transaction,,0,0,DEV-024,0,0,,BEN-021,0,122.37
E000502,U008,2026-03-08T15:40:00,file_access,RES-059,0,15,DEV-036,0,0,,,0,0.0
E000503,U003,2026-03-08T16:10:00,file_access,RES-037,0,10,DEV-018,0,0,,,0,0.0
E000504,U020,2026-03-08T16:30:00,file_access,RES-016,0,20,DEV-038,0,0,,,0,0.0
E000505,U020,2026-03-08T16:35:00,file_access,RES-043,0,7,DEV-038,0,0,,,0,0.0
E000506,U020,2026-03-08T16:44:00,file_access,RES-051,0,3,DEV-038,0,0,,,0,0.0
E000507,U020,2026-03-08T17:13:00,transaction,,0,0,DEV-038,0,0,,BEN-019,0,372.65
E000508,U013,2026-03-09T00:55:00,login,,0,0,DEV-001,0,0,,,0,0.0
E000509,U006,2026-03-09T01:11:00,login,,0,0,DEV-015,0,0,,,0,0.0
E000510,U006,2026-03-09T01:37:00,transaction,,0,0,DEV-015,0,0,,BEN-013,0,145.1
E000511,U019,2026-03-09T01:41:00,login,,0,0,DEV-024,0,0,,,0,0.0
E000512,U013,2026-03-09T01:42:00,file_access,RES-006,1,19,DEV-001,0,0,,,0,0.0
E000513,U006,2026-03-09T01:48:00,file_access,RES-056,0,16,DEV-015,0,0,,,0,0.0
E000514,U015,2026-03-09T01:55:00,login,,0,0,DEV-013,0,0,,,0,0.0
E000515,U013,2026-03-09T02:34:00,transaction,,0,0,DEV-001,0,0,,BEN-022,0,159.53
E000516,U015,2026-03-09T02:42:00,file_access,RES-018,0,4,DEV-013,0,0,,,0,0.0
E000517,U019,2026-03-09T03:24:00,file_access,RES-006,1,19,DEV-024,0,0,,,0,0.0
E000518,U012,2026-03-09T03:39:00,login,,0,0,DEV-028,0,0,,,0,0.0
E000519,U015,2026-03-09T03:42:00,file_access,RES-024,0,14,DEV-013,0,0,,,0,0.0
E000520,U015,2026-03-09T03:43:00,transaction,,0,0,DEV-013,0,0,,BEN-011,0,782.46
E000521,U015,2026-03-09T03:53:00,file_access,RES-026,0,15,DEV-013,0,0,,,0,0.0
E000522,U012,2026-03-09T03:55:00,file_access,RES-028,0,4,DEV-028,0,0,,,0,0.0
E000523,U019,2026-03-09T05:00:00,transaction,,0,0,DEV-024,0,0,,BEN-006,0,226.64
E000524,U012,2026-03-09T05:30:00,file_access,RES-045,0,12,DEV-028,0,0,,,0,0.0
E000525,U012,2026-03-09T06:19:00,transaction,,0,0,DEV-028,0,0,,BEN-028,0,418.55
E000526,U004,2026-03-09T06:53:00,login,,0,0,DEV-003,0,0,,,0,0.0
E000527,U011,2026-03-09T07:13:00,login,,0,0,DEV-009,0,0,,,0,0.0
E000528,U007,2026-03-09T07:31:00,login,,0,0,DEV-005,0,0,,,0,0.0
E000529,U007,2026-03-09T07:40:00,file_access,RES-030,0,3,DEV-005,0,0,,,0,0.0
E000530,U004,2026-03-09T08:06:00,file_access,RES-048,0,18,DEV-003,0,0,,,0,0.0
E000531,U009,2026-03-09T08:10:00,login,,0,0,DEV-014,0,0,,,0,0.0
E000532,U004,2026-03-09T08:12:00,transaction,,0,0,DEV-003,0,0,,BEN-014,0,1434.13
E000533,U001,2026-03-09T08:27:00,login,,0,0,DEV-028,0,0,,,0,0.0
E000534,U004,2026-03-09T08:40:00,file_access,RES-039,0,8,DEV-003,0,0,,,0,0.0
E000535,U011,2026-03-09T08:42:00,file_access,RES-031,0,8,DEV-009,0,0,,,0,0.0
E000536,U001,2026-03-09T08:51:00,file_access,RES-013,0,10,DEV-028,0,0,,,0,0.0
E000537,U001,2026-03-09T08:51:00,transaction,,0,0,DEV-028,0,0,,BEN-019,0,0
E000538,U007,2026-03-09T09:00:00,file_access,RES-026,0,18,DEV-005,0,0,,,0,0.0
E000539,U007,2026-03-09T09:03:00,transaction,,0,0,DEV-005,0,0,,BEN-028,0,543.09
E000540,U014,2026-03-09T09:22:00,login,,0,0,DEV-017,0,0,,,0,0.0
E000541,U009,2026-03-09T09:50:00,file_access,RES-056,0,11,DEV-014,0,0,,,0,0.0
E000542,U001,2026-03-09T09:56:00,file_access,RES-046,0,16,DEV-028,0,0,,,0,0.0
E000543,U009,2026-03-09T10:00:00,file_access,RES-031,0,10,DEV-014,0,0,,,0,0.0
E000544,U001,2026-03-09T10:05:00,file_access,RES-051,0,18,DEV-028,0,0,,,0,0.0
E000545,U017,2026-03-09T10:13:00,login,,0,0,DEV-032,0,0,,,0,0.0
E000546,U014,2026-03-09T10:20:00,file_access,RES-004,1,13,DEV-017,0,0,,,0,0.0
E000547,U014,2026-03-09T10:32:00,transaction,,0,0,DEV-017,0,0,,BEN-013,0,273.81
E000548,U016,2026-03-09T10:42:00,login,,0,0,DEV-008,0,0,,,0,0.0
E000549,U018,2026-03-09T10:44:00,login,,0,0,DEV-039,0,0,,,0,0.0
E000550,U018,2026-03-09T10:52:00,file_access,RES-039,0,16,DEV-039,0,0,,,0,0.0
E000551,U018,2026-03-09T11:22:00,file_access,RES-042,0,19,DEV-039,0,0,,,0,0.0
E000552,U017,2026-03-09T11:35:00,file_access,RES-010,0,11,DEV-032,0,0,,,0,0.0
E000553,U018,2026-03-09T11:37:00,transaction,,0,0,DEV-039,0,0,,BEN-017,0,307.56
E000554,U016,2026-03-09T11:56:00,file_access,RES-019,0,10,DEV-008,0,0,,,0,0.0
E000555,U018,2026-03-09T12:02:00,file_access,RES-015,0,2,DEV-039,0,0,,,0,0.0
E000556,U017,2026-03-09T12:08:00,file_access,RES-046,0,11,DEV-032,0,0,,,0,0.0
E000557,U016,2026-03-09T12:17:00,file_access,RES-005,1,18,DEV-008,0,0,,,0,0.0
E000558,U020,2026-03-09T13:07:00,login,,0,0,DEV-038,0,0,,,0,0.0
E000559,U010,2026-03-09T13:34:00,login,,0,0,DEV-017,0,0,,,0,0.0
E000560,U016,2026-03-09T13:54:00,transaction,,0,0,DEV-008,0,0,,BEN-023,0,2617.48
E000561,U008,2026-03-09T14:04:00,login,,0,0,DEV-036,0,0,,,0,0.0
E000562,U005,2026-03-09T14:17:00,login,,0,0,DEV-024,0,0,,,0,0.0
E000563,U003,2026-03-09T14:37:00,login,,0,0,DEV-018,0,0,,,0,0.0
E000564,U020,2026-03-09T14:58:00,file_access,RES-036,0,17,DEV-038,0,0,,,0,0.0
E000565,U010,2026-03-09T15:03:00,file_access,RES-056,0,1,DEV-017,0,0,,,0,0.0
E000566,U010,2026-03-09T15:15:00,transaction,,0,0,DEV-017,0,0,,BEN-011,0,265.64
E000567,U005,2026-03-09T15:17:00,file_access,RES-053,0,19,DEV-024,0,0,,,0,0.0
E000568,U010,2026-03-09T15:21:00,file_access,RES-012,0,4,DEV-017,0,0,,,0,0.0
E000569,U008,2026-03-09T15:28:00,file_access,RES-045,0,13,DEV-036,0,0,,,0,0.0
E000570,U005,2026-03-09T15:29:00,transaction,,0,0,DEV-024,0,0,,BEN-029,0,70.97
E000571,U020,2026-03-09T15:34:00,transaction,,0,0,DEV-038,0,0,,BEN-017,0,409.38
E000572,U003,2026-03-09T15:38:00,file_access,RES-029,0,7,DEV-018,0,0,,,0,0.0
E000573,U008,2026-03-09T15:38:00,transaction,,0,0,DEV-036,0,0,,BEN-013,0,874.64
E000574,U003,2026-03-09T15:47:00,file_access,RES-031,0,6,DEV-018,0,0,,,0,0.0
E000575,U008,2026-03-09T15:49:00,file_access,RES-017,0,11,DEV-036,0,0,,,0,0.0
E000576,U003,2026-03-09T15:59:00,transaction,,0,0,DEV-018,0,0,,BEN-011,0,230.2
E000577,U005,2026-03-09T16:01:00,file_access,RES-031,0,15,DEV-024,0,0,,,0,0.0
E000578,U003,2026-03-09T16:05:00,file_access,RES-021,0,15,DEV-018,0,0,,,0,0.0
E000579,U005,2026-03-09T16:05:00,file_access,RES-059,0,18,DEV-024,0,0,,,0,0.0
E000580,U019,2026-03-10T00:26:00,login,,0,0,DEV-024,0,0,,,0,0.0
E000581,U019,2026-03-10T00:35:00,file_access,RES-054,0,13,DEV-024,0,0,,,0,0.0
E000582,U019,2026-03-10T01:23:00,transaction,,0,0,DEV-024,0,0,,BEN-010,0,1051.37
E000583,U006,2026-03-10T01:43:00,login,,0,0,DEV-015,0,0,,,0,0.0
E000584,U006,2026-03-10T02:07:00,file_access,RES-010,0,19,DEV-015,0,0,,,0,0.0
E000585,U001,2026-03-10T02:13:00,login,,0,0,DEV-039,1,0,,,0,0.0
E000586,U001,2026-03-10T02:19:00,permission_change,,0,0,DEV-039,0,1,elevated,,0,0.0
E000587,U013,2026-03-10T02:25:00,login,,0,0,DEV-001,0,0,,,0,0.0
E000588,U001,2026-03-10T02:27:00,file_access,RES-002,1,616,DEV-039,0,0,,,0,0.0
E000589,U015,2026-03-10T02:31:00,login,,0,0,DEV-013,0,0,,,0,0.0
E000590,U001,2026-03-10T02:34:00,beneficiary_change,,0,0,DEV-039,0,0,,BEN-002,1,0.0
E000591,U001,2026-03-10T02:41:00,transaction,,0,0,DEV-039,0,0,,BEN-002,1,10411.7
E000592,U012,2026-03-10T03:19:00,login,,0,0,DEV-028,0,0,,,0,0.0
E000593,U013,2026-03-10T03:46:00,file_access,RES-046,0,3,DEV-001,0,0,,,0,0.0
E000594,U012,2026-03-10T04:07:00,file_access,RES-015,0,11,DEV-028,0,0,,,0,0.0
E000595,U013,2026-03-10T04:11:00,transaction,,0,0,DEV-001,0,0,,BEN-005,0,157.63
E000596,U012,2026-03-10T04:18:00,transaction,,0,0,DEV-028,0,0,,BEN-024,0,714.57
E000597,U015,2026-03-10T04:18:00,file_access,RES-034,0,9,DEV-013,0,0,,,0,0.0
E000598,U015,2026-03-10T04:18:00,file_access,RES-006,1,14,DEV-013,0,0,,,0,0.0
E000599,U012,2026-03-10T04:29:00,file_access,RES-041,0,4,DEV-028,0,0,,,0,0.0
E000600,U012,2026-03-10T05:03:00,file_access,RES-011,0,3,DEV-028,0,0,,,0,0.0
E000601,U015,2026-03-10T05:15:00,transaction,,0,0,DEV-013,0,0,,BEN-027,0,246.34
E000602,U004,2026-03-10T07:51:00,login,,0,0,DEV-003,0,0,,,0,0.0
E000603,U002,2026-03-10T07:59:00,login,,0,0,DEV-015,0,0,,,0,0.0
E000604,U001,2026-03-10T08:03:00,login,,0,0,DEV-028,0,0,,,0,0.0
E000605,U004,2026-03-10T08:12:00,file_access,RES-040,0,18,DEV-003,0,0,,,0,0.0
E000606,U001,2026-03-10T08:18:00,file_access,RES-055,0,6,DEV-028,0,0,,,0,0.0
E000607,U001,2026-03-10T08:28:00,file_access,RES-004,1,17,DEV-028,0,0,,,0,0.0
E000608,U001,2026-03-10T08:30:00,transaction,,0,0,DEV-028,0,0,,BEN-022,0,455.8
E000609,U016,2026-03-10T08:32:00,login,,0,0,DEV-008,0,0,,,0,0.0
E000610,U016,2026-03-10T08:52:00,file_access,RES-013,0,5,DEV-008,0,0,,,0,0.0
E000611,U007,2026-03-10T09:00:00,login,,0,0,DEV-005,0,0,,,0,0.0
E000612,U009,2026-03-10T09:04:00,login,,0,0,DEV-014,0,0,,,0,0.0
E000613,U001,2026-03-10T09:09:00,file_access,RES-033,0,17,DEV-028,0,0,,,0,0.0
E000614,U018,2026-03-10T09:09:00,login,,0,0,DEV-039,0,0,,,0,0.0
E000615,U018,2026-03-10T09:16:00,file_access,RES-029,0,11,DEV-039,0,0,,,0,0.0
E000616,U004,2026-03-10T09:28:00,file_access,RES-011,0,15,DEV-003,0,0,,,0,0.0
E000617,U011,2026-03-10T09:35:00,login,,0,0,DEV-009,0,0,,,0,0.0
E000618,U004,2026-03-10T09:41:00,transaction,,0,0,DEV-003,0,0,,BEN-019,0,1368.01
E000619,U018,2026-03-10T09:45:00,file_access,RES-003,1,19,DEV-039,0,0,,,0,0.0
E000620,U011,2026-03-10T09:54:00,file_access,RES-049,0,9,DEV-009,0,0,,,0,0.0
E000621,U007,2026-03-10T09:57:00,file_access,RES-004,1,7,DEV-005,0,0,,,0,0.0
E000622,U002,2026-03-10T09:59:00,file_access,RES-023,0,7,DEV-015,0,0,,,0,0.0
E000623,U014,2026-03-10T09:59:00,login,,0,0,DEV-017,0,0,,,0,0.0
E000624,U007,2026-03-10T10:11:00,file_access,RES-024,0,20,DEV-005,0,0,,,0,0.0
E000625,U017,2026-03-10T10:23:00,login,,0,0,DEV-032,0,0,,,0,0.0
E000626,U018,2026-03-10T10:43:00,file_access,RES-008,1,7,DEV-039,0,0,,,0,0.0
E000627,U014,2026-03-10T10:44:00,transaction,,0,0,DEV-017,0,0,,BEN-002,0,89.98
E000628,U009,2026-03-10T10:45:00,file_access,RES-015,0,13,DEV-014,0,0,,,0,0.0
E000629,U017,2026-03-10T10:45:00,transaction,,0,0,DEV-032,0,0,,BEN-010,0,407.88
E000630,U016,2026-03-10T10:48:00,transaction,,0,0,DEV-008,0,0,,BEN-001,0,2420.63
E000631,U011,2026-03-10T10:53:00,file_access,RES-015,0,14,DEV-009,0,0,,,0,0.0
E000632,U007,2026-03-10T10:56:00,file_access,RES-035,0,15,DEV-005,0,0,,,0,0.0
E000633,U017,2026-03-10T10:58:00,file_access,RES-030,0,4,DEV-032,0,0,,,0,0.0
E000634,U002,2026-03-10T10:59:00,transaction,,0,0,DEV-015,0,0,,BEN-029,0,485.06
E000635,U017,2026-03-10T11:02:00,file_access,RES-029,0,8,DEV-032,0,0,,,0,0.0
E000636,U018,2026-03-10T11:04:00,transaction,,0,0,DEV-039,0,0,,BEN-023,0,332.12
E000637,U017,2026-03-10T11:39:00,file_access,RES-007,1,11,DEV-032,0,0,,,0,0.0
E000638,U007,2026-03-10T11:50:00,transaction,,0,0,DEV-005,0,0,,BEN-009,0,91.07
E000639,U014,2026-03-10T11:51:00,file_access,RES-046,0,11,DEV-017,0,0,,,0,0.0
E000640,U010,2026-03-10T13:01:00,login,,0,0,DEV-017,0,0,,,0,0.0
E000641,U003,2026-03-10T13:05:00,login,,0,0,DEV-018,0,0,,,0,0.0
E000642,U008,2026-03-10T13:20:00,login,,0,0,DEV-036,0,0,,,0,0.0
E000643,U005,2026-03-10T13:28:00,login,,0,0,DEV-024,0,0,,,0,0.0
E000644,U010,2026-03-10T13:39:00,file_access,RES-004,1,5,DEV-017,0,0,,,0,0.0
E000645,U003,2026-03-10T13:52:00,transaction,,0,0,DEV-018,0,0,,BEN-016,0,457.82
E000646,U020,2026-03-10T14:28:00,login,,0,0,DEV-038,0,0,,,0,0.0
E000647,U003,2026-03-10T14:36:00,file_access,RES-020,0,8,DEV-018,0,0,,,0,0.0
E000648,U008,2026-03-10T14:43:00,transaction,,0,0,DEV-036,0,0,,BEN-014,0,960.47
E000649,U008,2026-03-10T14:44:00,file_access,RES-005,1,8,DEV-036,0,0,,,0,0.0
E000650,U008,2026-03-10T14:56:00,file_access,RES-057,0,16,DEV-036,0,0,,,0,0.0
E000651,U005,2026-03-10T15:09:00,file_access,RES-030,0,19,DEV-024,0,0,,,0,0.0
E000652,U005,2026-03-10T15:15:00,transaction,,0,0,DEV-024,0,0,,BEN-011,0,0
E000653,U008,2026-03-10T15:16:00,file_access,RES-035,0,2,DEV-036,0,0,,,0,0.0
E000654,U010,2026-03-10T15:25:00,transaction,,0,0,DEV-017,0,0,,BEN-015,0,299.17
E000655,U020,2026-03-10T16:00:00,file_access,RES-014,0,19,DEV-038,0,0,,,0,0.0
E000656,U020,2026-03-10T16:48:00,transaction,,0,0,DEV-038,0,0,,BEN-005,0,360.99
E000657,U013,2026-03-11T01:42:00,login,,0,0,DEV-001,0,0,,,0,0.0
E000658,U019,2026-03-11T01:56:00,login,,0,0,DEV-024,0,0,,,0,0.0
E000659,U013,2026-03-11T01:58:00,file_access,RES-042,0,14,DEV-001,0,0,,,0,0.0
E000660,U019,2026-03-11T02:02:00,file_access,RES-020,0,19,DEV-024,0,0,,,0,0.0
E000661,U006,2026-03-11T02:05:00,login,,0,0,DEV-015,0,0,,,0,0.0
E000662,U015,2026-03-11T02:06:00,login,,0,0,DEV-013,0,0,,,0,0.0
E000663,U002,2026-03-11T02:13:00,login,,0,0,DEV-005,1,0,,,0,0.0
E000664,U002,2026-03-11T02:19:00,permission_change,,0,0,DEV-005,0,1,elevated,,0,0.0
E000665,U006,2026-03-11T02:25:00,file_access,RES-036,0,14,DEV-015,0,0,,,0,0.0
E000666,U002,2026-03-11T02:27:00,file_access,RES-009,1,878,DEV-005,0,0,,,0,0.0
E000667,U002,2026-03-11T02:34:00,beneficiary_change,,0,0,DEV-005,0,0,,BEN-002,1,0.0
E000668,U013,2026-03-11T02:38:00,transaction,,0,0,DEV-001,0,0,,BEN-025,0,354.33
E000669,U002,2026-03-11T02:41:00,transaction,,0,0,DEV-005,0,0,,BEN-002,1,14259.53
E000670,U012,2026-03-11T02:52:00,login,,0,0,DEV-028,0,0,,,0,0.0
E000671,U013,2026-03-11T02:52:00,file_access,RES-024,0,1,DEV-001,0,0,,,0,0.0
E000672,U015,2026-03-11T02:52:00,file_access,RES-043,0,10,DEV-013,0,0,,,0,0.0
E000673,U012,2026-03-11T03:10:00,file_access,RES-010,0,9,DEV-028,0,0,,,0,0.0
E000674,U012,2026-03-11T03:22:00,file_access,RES-012,0,20,DEV-028,0,0,,,0,0.0
E000675,U019,2026-03-11T03:31:00,transaction,,0,0,DEV-024,0,0,,BEN-018,0,150.92
E000676,U013,2026-03-11T03:33:00,file_access,RES-048,0,17,DEV-001,0,0,,,0,0.0
E000677,U012,2026-03-11T04:41:00,file_access,RES-010,0,8,DEV-028,0,0,,,0,0.0
E000678,U015,2026-03-11T04:50:00,transaction,,0,0,DEV-013,0,0,,BEN-023,0,573.04
E000679,U012,2026-03-11T05:49:00,transaction,,0,0,DEV-028,0,0,,BEN-021,0,1096.91
E000680,U001,2026-03-11T06:36:00,login,,0,0,DEV-028,0,0,,,0,0.0
E000681,U001,2026-03-11T07:55:00,file_access,RES-039,0,2,DEV-028,0,0,,,0,0.0
E000682,U009,2026-03-11T08:00:00,login,,0,0,DEV-014,0,0,,,0,0.0
E000683,U016,2026-03-11T08:35:00,login,,0,0,DEV-008,0,0,,,0,0.0
E000684,U002,2026-03-11T08:39:00,login,,0,0,DEV-015,0,0,,,0,0.0
E000685,U009,2026-03-11T08:52:00,file_access,RES-044,0,9,DEV-014,0,0,,,0,0.0
E000686,U002,2026-03-11T09:03:00,file_access,RES-016,0,6,DEV-015,0,0,,,0,0.0
E000687,U009,2026-03-11T09:13:00,file_access,RES-008,1,15,DEV-014,0,0,,,0,0.0
E000688,U018,2026-03-11T09:30:00,login,,0,0,DEV-039,0,0,,,0,0.0
E000689,U011,2026-03-11T09:41:00,login,,0,0,DEV-009,0,0,,,0,0.0
E000690,U011,2026-03-11T09:49:00,file_access,RES-039,0,9,DEV-009,0,0,,,0,0.0
E000691,U011,2026-03-11T09:49:00,file_access,RES-012,0,9,DEV-009,0,0,,,0,0.0
E000692,U016,2026-03-11T09:58:00,file_access,RES-057,0,3,DEV-008,0,0,,,0,0.0
E000693,U007,2026-03-11T09:59:00,login,,0,0,DEV-005,0,0,,,0,0.0
E000694,U004,2026-03-11T10:08:00,login,,0,0,DEV-003,0,0,,,0,0.0
E000695,U014,2026-03-11T10:08:00,login,,0,0,DEV-017,0,0,,,0,0.0
E000696,U014,2026-03-11T10:13:00,file_access,RES-058,0,3,DEV-017,0,0,,,0,0.0
E000697,U002,2026-03-11T10:14:00,transaction,,0,0,DEV-015,0,0,,BEN-022,0,157.18
E000698,U014,2026-03-11T10:15:00,file_access,RES-017,0,7,DEV-017,0,0,,,0,0.0
E000699,U018,2026-03-11T10:16:00,file_access,RES-043,0,16,DEV-039,0,0,,,0,0.0
E000700,U007,2026-03-11T10:19:00,file_access,RES-002,1,20,DEV-005,0,0,,,0,0.0
E000701,U002,2026-03-11T10:26:00,file_access,RES-052,0,6,DEV-015,0,0,,,0,0.0
E000702,U016,2026-03-11T10:26:00,transaction,,0,0,DEV-008,0,0,,BEN-023,0,2643.93
E000703,U002,2026-03-11T10:36:00,file_access,RES-027,0,1,DEV-015,0,0,,,0,0.0
E000704,U004,2026-03-11T10:36:00,file_access,RES-004,1,9,DEV-003,0,0,,,0,0.0
E000705,U018,2026-03-11T10:41:00,file_access,RES-014,0,18,DEV-039,0,0,,,0,0.0
E000706,U009,2026-03-11T10:53:00,transaction,,0,0,DEV-014,0,0,,BEN-012,0,227.93
E000707,U017,2026-03-11T10:55:00,login,,0,0,DEV-032,0,0,,,0,0.0
E000708,U007,2026-03-11T11:00:00,file_access,RES-057,0,16,DEV-005,0,0,,,0,0.0
E000709,U018,2026-03-11T11:00:00,transaction,,0,0,DEV-039,0,0,,BEN-006,0,471.73
E000710,U004,2026-03-11T11:01:00,file_access,RES-021,0,7,DEV-003,0,0,,,0,0.0
E000711,U018,2026-03-11T11:08:00,file_access,RES-004,1,5,DEV-039,0,0,,,0,0.0
E000712,U014,2026-03-11T11:13:00,file_access,RES-029,0,20,DEV-017,0,0,,,0,0.0
E000713,U011,2026-03-11T11:15:00,file_access,RES-049,0,10,DEV-009,0,0,,,0,0.0
E000714,U004,2026-03-11T11:44:00,transaction,,0,0,DEV-003,0,0,,BEN-025,0,1246.57
E000715,U014,2026-03-11T12:38:00,transaction,,0,0,DEV-017,0,0,,BEN-024,0,0
E000716,U017,2026-03-11T12:44:00,file_access,RES-021,0,19,DEV-032,0,0,,,0,0.0
E000717,U008,2026-03-11T13:06:00,login,,0,0,DEV-036,0,0,,,0,0.0
E000718,U007,2026-03-11T13:10:00,transaction,,0,0,DEV-005,0,0,,BEN-018,0,373.64
E000719,U008,2026-03-11T13:30:00,transaction,,0,0,DEV-036,0,0,,BEN-005,0,609.84
E000720,U008,2026-03-11T14:07:00,file_access,RES-011,0,10,DEV-036,0,0,,,0,0.0
E000721,U005,2026-03-11T14:11:00,login,,0,0,DEV-024,0,0,,,0,0.0
E000722,U020,2026-03-11T14:32:00,login,,0,0,DEV-038,0,0,,,0,0.0
E000723,U003,2026-03-11T14:39:00,login,,0,0,DEV-018,0,0,,,0,0.0
E000724,U008,2026-03-11T14:41:00,file_access,RES-056,0,4,DEV-036,0,0,,,0,0.0
E000725,U005,2026-03-11T14:43:00,file_access,RES-023,0,9,DEV-024,0,0,,,0,0.0
E000726,U010,2026-03-11T14:49:00,login,,0,0,DEV-017,0,0,,,0,0.0
E000727,U005,2026-03-11T14:59:00,file_access,RES-018,0,20,DEV-024,0,0,,,0,0.0
E000728,U008,2026-03-11T15:06:00,file_access,RES-002,1,2,DEV-036,0,0,,,0,0.0
E000729,U005,2026-03-11T15:31:00,transaction,,0,0,DEV-024,0,0,,BEN-007,0,0
E000730,U020,2026-03-11T15:35:00,file_access,RES-037,0,2,DEV-038,0,0,,,0,0.0
E000731,U003,2026-03-11T15:42:00,file_access,RES-027,0,19,DEV-018,0,0,,,0,0.0
E000732,U020,2026-03-11T15:48:00,file_access,RES-030,0,10,DEV-038,0,0,,,0,0.0
E000733,U010,2026-03-11T15:51:00,file_access,RES-033,0,8,DEV-017,0,0,,,0,0.0
E000734,U010,2026-03-11T15:59:00,file_access,RES-038,0,4,DEV-017,0,0,,,0,0.0
E000735,U020,2026-03-11T16:23:00,transaction,,0,0,DEV-038,0,0,,BEN-007,0,379.15
E000736,U003,2026-03-11T17:47:00,transaction,,0,0,DEV-018,0,0,,BEN-005,0,299.63
